FECHA CREACION,ALMACEN,CLIENTE,FAMILIA,CANTIDAD ORDENADA,CANTIDAD FACTURADA,CANTIDAD CANCELADA
2024-01-01,Almacén Norte,Cliente S,Higiene,272,224,0
2024-01-01,Almacén Norte,Cliente K,Abarrotes,147,108,0
2024-01-01,Almacén Sur,Cliente K,Limpieza,276,201,0
2024-01-01,Almacén Sur,Cliente L,Botanas,117,115,0
2024-01-01,Almacén Pacífico,Cliente W,Botanas,261,216,0
2024-01-01,Almacén Norte,Cliente X,Bebidas,180,172,0
2024-01-02,Almacén Pacífico,Cliente K,Bebidas,55,46,0
2024-01-02,Almacén Centro,Cliente W,Limpieza,45,44,0
2024-01-02,Almacén Sur,Cliente I,Lácteos,327,246,151
2024-01-02,Almacén Norte,Cliente U,Abarrotes,200,182,0
2024-01-03,Almacén Sur,Cliente X,Lácteos,93,91,0
2024-01-03,Almacén Sur,Cliente I,Lácteos,320,258,187
2024-01-03,Almacén Centro,Cliente I,Higiene,157,142,0
2024-01-03,Almacén Norte,Cliente X,Botanas,216,206,0
2024-01-03,Almacén Centro,Cliente K,Botanas,32,24,0
2024-01-03,Almacén Norte,Cliente K,Lácteos,85,72,0
2024-01-03,Almacén Centro,Cliente K,Bebidas,310,230,0
2024-01-03,Almacén Pacífico,Cliente B,Botanas,115,113,0
2024-01-03,Almacén Centro,Cliente K,Lácteos,27,24,0
2024-01-03,Almacén Pacífico,Cliente G,Abarrotes,84,72,0
2024-01-03,Almacén Sur,Cliente W,Bebidas,200,177,40
2024-01-04,Almacén Sur,Cliente I,Lácteos,210,193,72
2024-01-04,Almacén Centro,Cliente G,Higiene,152,123,0
2024-01-04,Almacén Norte,Cliente I,Abarrotes,223,221,0
2024-01-04,Almacén Pacífico,Cliente U,Bebidas,37,33,0
2024-01-05,Almacén Norte,Cliente Y,Botanas,342,302,0
2024-01-05,Almacén Centro,Cliente D,Limpieza,257,240,0
2024-01-05,Almacén Centro,Cliente K,Limpieza,396,299,0
2024-01-05,Almacén Norte,Cliente A,Higiene,73,64,0
2024-01-05,Almacén Norte,Cliente K,Abarrotes,248,197,0
2024-01-05,Almacén Centro,Cliente B,Limpieza,395,353,0
2024-01-06,Almacén Centro,Cliente B,Bebidas,290,250,48
2024-01-06,Almacén Sur,Cliente K,Botanas,390,377,224
2024-01-06,Almacén Pacífico,Cliente N,Limpieza,251,235,0
2024-01-06,Almacén Pacífico,Cliente A,Bebidas,87,79,0
2024-01-07,Almacén Centro,Cliente V,Abarrotes,160,129,0
2024-01-07,Almacén Sur,Cliente K,Botanas,388,330,0
2024-01-07,Almacén Pacífico,Cliente G,Abarrotes,260,186,0
2024-01-08,Almacén Norte,Cliente L,Limpieza,166,137,0
2024-01-08,Almacén Pacífico,Cliente T,Lácteos,97,80,0
2024-01-08,Almacén Sur,Cliente T,Bebidas,348,297,0
2024-01-08,Almacén Pacífico,Cliente K,Abarrotes,48,37,23
2024-01-09,Almacén Centro,Cliente U,Botanas,378,365,0
2024-01-09,Almacén Pacífico,Cliente L,Bebidas,369,312,0
2024-01-09,Almacén Norte,Cliente P,Botanas,69,56,0
2024-01-09,Almacén Sur,Cliente T,Lácteos,235,234,0
2024-01-09,Almacén Centro,Cliente K,Lácteos,223,195,0
2024-01-09,Almacén Centro,Cliente V,Bebidas,84,68,0
2024-01-10,Almacén Sur,Cliente L,Limpieza,162,153,77
2024-01-10,Almacén Norte,Cliente K,Lácteos,337,321,0
2024-01-10,Almacén Pacífico,Cliente K,Limpieza,285,278,130
2024-01-11,Almacén Centro,Cliente L,Limpieza,140,139,0
2024-01-11,Almacén Centro,Cliente U,Abarrotes,27,24,0
2024-01-11,Almacén Norte,Cliente X,Botanas,250,218,0
2024-01-11,Almacén Pacífico,Cliente T,Limpieza,313,244,0
2024-01-11,Almacén Norte,Cliente K,Lácteos,157,116,82
2024-01-11,Almacén Pacífico,Cliente K,Bebidas,14,11,0
2024-01-11,Almacén Sur,Cliente T,Botanas,311,264,0
2024-01-11,Almacén Centro,Cliente W,Botanas,150,134,0
2024-01-12,Almacén Pacífico,Cliente L,Botanas,26,21,0
2024-01-12,Almacén Sur,Cliente I,Abarrotes,179,160,26
2024-01-12,Almacén Pacífico,Cliente G,Limpieza,342,320,0
2024-01-12,Almacén Sur,Cliente G,Abarrotes,140,106,0
2024-01-12,Almacén Norte,Cliente X,Botanas,102,98,0
2024-01-13,Almacén Pacífico,Cliente I,Botanas,319,227,0
2024-01-13,Almacén Pacífico,Cliente T,Higiene,310,241,0
2024-01-13,Almacén Sur,Cliente A,Lácteos,350,288,62
2024-01-13,Almacén Norte,Cliente Q,Higiene,91,86,0
2024-01-14,Almacén Sur,Cliente T,Abarrotes,323,292,0
2024-01-14,Almacén Pacífico,Cliente K,Lácteos,342,338,147
2024-01-15,Almacén Norte,Cliente B,Botanas,72,64,0
2024-01-15,Almacén Sur,Cliente I,Limpieza,35,25,0
2024-01-15,Almacén Pacífico,Cliente D,Bebidas,192,183,0
2024-01-16,Almacén Pacífico,Cliente K,Botanas,350,325,0
2024-01-16,Almacén Sur,Cliente U,Botanas,148,117,0
2024-01-16,Almacén Pacífico,Cliente Y,Botanas,241,196,0
2024-01-16,Almacén Pacífico,Cliente L,Limpieza,181,165,0
2024-01-16,Almacén Centro,Cliente K,Lácteos,176,138,0
2024-01-16,Almacén Sur,Cliente Y,Botanas,234,173,138
2024-01-17,Almacén Sur,Cliente X,Lácteos,210,188,39
2024-01-17,Almacén Sur,Cliente X,Higiene,239,195,0
2024-01-18,Almacén Pacífico,Cliente U,Higiene,289,259,0
2024-01-18,Almacén Pacífico,Cliente K,Botanas,336,325,0
2024-01-18,Almacén Sur,Cliente X,Higiene,102,93,0
2024-01-18,Almacén Centro,Cliente T,Lácteos,126,93,0
2024-01-18,Almacén Sur,Cliente X,Lácteos,291,212,47
2024-01-19,Almacén Centro,Cliente U,Lácteos,202,158,0
2024-01-19,Almacén Pacífico,Cliente Y,Higiene,395,361,0
2024-01-19,Almacén Centro,Cliente B,Limpieza,164,150,0
2024-01-20,Almacén Centro,Cliente A,Higiene,226,168,0
2024-01-20,Almacén Norte,Cliente Y,Bebidas,326,304,89
2024-01-20,Almacén Sur,Cliente F,Limpieza,86,78,0
2024-01-20,Almacén Pacífico,Cliente I,Limpieza,201,179,0
2024-01-20,Almacén Centro,Cliente A,Higiene,270,248,0
2024-01-21,Almacén Centro,Cliente I,Lácteos,300,238,0
2024-01-21,Almacén Pacífico,Cliente W,Botanas,110,88,0
2024-01-21,Almacén Sur,Cliente D,Lácteos,90,81,0
2024-01-22,Almacén Centro,Cliente V,Bebidas,91,82,0
2024-01-22,Almacén Sur,Cliente K,Limpieza,253,185,80
2024-01-22,Almacén Centro,Cliente B,Higiene,33,28,19
2024-01-22,Almacén Norte,Cliente K,Bebidas,318,230,0
2024-01-23,Almacén Sur,Cliente X,Abarrotes,45,39,26
2024-01-23,Almacén Pacífico,Cliente U,Limpieza,353,274,0
2024-01-23,Almacén Norte,Cliente J,Lácteos,120,93,0
2024-01-23,Almacén Pacífico,Cliente L,Botanas,393,351,0
2024-01-23,Almacén Pacífico,Cliente J,Botanas,124,118,0
2024-01-24,Almacén Sur,Cliente U,Higiene,154,115,0
2024-01-24,Almacén Pacífico,Cliente L,Abarrotes,57,44,0
2024-01-24,Almacén Centro,Cliente H,Limpieza,204,190,0
2024-01-24,Almacén Centro,Cliente T,Limpieza,111,90,0
2024-01-24,Almacén Sur,Cliente K,Lácteos,20,15,0
2024-01-25,Almacén Norte,Cliente Y,Lácteos,63,48,0
2024-01-25,Almacén Centro,Cliente U,Lácteos,24,19,0
2024-01-25,Almacén Pacífico,Cliente K,Bebidas,344,337,0
2024-01-25,Almacén Norte,Cliente K,Lácteos,377,291,0
2024-01-25,Almacén Centro,Cliente J,Abarrotes,126,102,0
2024-01-25,Almacén Pacífico,Cliente N,Lácteos,344,260,0
2024-01-25,Almacén Centro,Cliente K,Abarrotes,392,339,0
2024-01-25,Almacén Sur,Cliente U,Bebidas,262,198,0
2024-01-25,Almacén Pacífico,Cliente H,Limpieza,294,233,0
2024-01-26,Almacén Centro,Cliente K,Bebidas,274,268,0
2024-01-26,Almacén Norte,Cliente T,Limpieza,18,16,0
2024-01-26,Almacén Pacífico,Cliente N,Abarrotes,67,64,0
2024-01-26,Almacén Norte,Cliente I,Abarrotes,300,228,0
2024-01-26,Almacén Norte,Cliente X,Lácteos,80,61,33
2024-01-26,Almacén Pacífico,Cliente A,Bebidas,61,52,0
2024-01-26,Almacén Sur,Cliente L,Botanas,193,160,0
2024-01-27,Almacén Pacífico,Cliente N,Limpieza,349,300,0
2024-01-27,Almacén Norte,Cliente L,Limpieza,151,113,0
2024-01-27,Almacén Pacífico,Cliente J,Limpieza,242,198,0
2024-01-27,Almacén Sur,Cliente Y,Limpieza,313,280,0
2024-01-27,Almacén Sur,Cliente B,Abarrotes,303,244,0
2024-01-28,Almacén Sur,Cliente G,Abarrotes,210,183,0
2024-01-28,Almacén Sur,Cliente K,Higiene,230,220,55
2024-01-28,Almacén Pacífico,Cliente K,Limpieza,161,129,0
2024-01-28,Almacén Sur,Cliente K,Bebidas,156,118,0
2024-01-28,Almacén Pacífico,Cliente D,Botanas,42,31,0
2024-01-28,Almacén Centro,Cliente T,Abarrotes,36,34,0
2024-01-29,Almacén Sur,Cliente X,Botanas,89,87,0
2024-01-29,Almacén Centro,Cliente L,Abarrotes,162,139,0
2024-01-29,Almacén Pacífico,Cliente B,Abarrotes,68,58,0
2024-01-29,Almacén Pacífico,Cliente Q,Abarrotes,214,206,0
2024-01-29,Almacén Sur,Cliente Y,Botanas,365,303,0
2024-01-30,Almacén Pacífico,Cliente R,Botanas,121,94,0
2024-01-30,Almacén Norte,Cliente B,Limpieza,370,368,0
2024-01-30,Almacén Pacífico,Cliente X,Botanas,221,191,0
2024-01-30,Almacén Pacífico,Cliente U,Abarrotes,78,64,0
2024-01-31,Almacén Centro,Cliente N,Abarrotes,189,177,0
2024-01-31,Almacén Sur,Cliente L,Bebidas,135,111,0
2024-01-31,Almacén Sur,Cliente F,Botanas,212,178,78
2024-01-31,Almacén Norte,Cliente U,Bebidas,265,235,0
2024-01-31,Almacén Sur,Cliente P,Limpieza,298,260,0
2024-01-31,Almacén Sur,Cliente K,Limpieza,384,310,0
2024-02-01,Almacén Centro,Cliente B,Abarrotes,229,224,0
2024-02-01,Almacén Norte,Cliente L,Botanas,111,104,0
2024-02-01,Almacén Sur,Cliente D,Limpieza,150,111,0
2024-02-01,Almacén Norte,Cliente G,Abarrotes,166,165,0
2024-02-01,Almacén Sur,Cliente L,Botanas,331,290,0
2024-02-01,Almacén Norte,Cliente K,Botanas,173,152,0
2024-02-01,Almacén Centro,Cliente G,Higiene,95,75,0
2024-02-01,Almacén Centro,Cliente U,Botanas,122,118,0
2024-02-02,Almacén Pacífico,Cliente K,Lácteos,369,319,0
2024-02-02,Almacén Pacífico,Cliente J,Lácteos,229,222,0
2024-02-02,Almacén Sur,Cliente N,Lácteos,375,311,0
2024-02-02,Almacén Norte,Cliente B,Limpieza,20,18,3
2024-02-02,Almacén Pacífico,Cliente G,Botanas,294,250,30
2024-02-02,Almacén Centro,Cliente L,Bebidas,24,23,0
2024-02-03,Almacén Sur,Cliente Q,Higiene,170,160,54
2024-02-03,Almacén Norte,Cliente K,Lácteos,78,56,0
2024-02-03,Almacén Norte,Cliente U,Botanas,329,294,39
2024-02-03,Almacén Sur,Cliente K,Limpieza,333,293,0
2024-02-03,Almacén Sur,Cliente T,Abarrotes,109,81,0
2024-02-03,Almacén Sur,Cliente T,Bebidas,372,294,0
2024-02-04,Almacén Norte,Cliente N,Abarrotes,339,276,0
2024-02-04,Almacén Sur,Cliente H,Limpieza,255,202,0
2024-02-04,Almacén Pacífico,Cliente U,Bebidas,316,300,0
2024-02-05,Almacén Pacífico,Cliente B,Lácteos,208,187,0
2024-02-05,Almacén Centro,Cliente K,Higiene,153,115,0
2024-02-05,Almacén Sur,Cliente L,Abarrotes,53,45,22
2024-02-05,Almacén Norte,Cliente L,Abarrotes,14,13,0
2024-02-05,Almacén Pacífico,Cliente J,Bebidas,277,195,0
2024-02-06,Almacén Centro,Cliente K,Higiene,323,311,0
2024-02-06,Almacén Sur,Cliente L,Botanas,121,89,0
2024-02-06,Almacén Norte,Cliente K,Abarrotes,85,61,0
2024-02-06,Almacén Centro,Cliente I,Botanas,384,323,0
2024-02-07,Almacén Centro,Cliente U,Botanas,340,255,0
2024-02-07,Almacén Centro,Cliente U,Abarrotes,353,291,0
2024-02-07,Almacén Sur,Cliente B,Bebidas,292,273,0
2024-02-07,Almacén Norte,Cliente D,Higiene,179,128,0
2024-02-07,Almacén Centro,Cliente W,Higiene,257,202,0
2024-02-07,Almacén Centro,Cliente D,Higiene,223,221,0
2024-02-08,Almacén Centro,Cliente J,Lácteos,191,144,0
2024-02-08,Almacén Pacífico,Cliente P,Bebidas,30,26,0
2024-02-08,Almacén Norte,Cliente K,Bebidas,14,12,3
2024-02-08,Almacén Pacífico,Cliente B,Abarrotes,218,182,0
2024-02-08,Almacén Sur,Cliente K,Botanas,289,227,0
2024-02-09,Almacén Sur,Cliente I,Limpieza,163,150,68
2024-02-09,Almacén Norte,Cliente U,Abarrotes,166,119,0
2024-02-09,Almacén Norte,Cliente G,Botanas,131,96,0
2024-02-09,Almacén Sur,Cliente I,Lácteos,64,53,0
2024-02-09,Almacén Centro,Cliente I,Limpieza,379,299,0
2024-02-09,Almacén Sur,Cliente K,Higiene,297,270,0
2024-02-10,Almacén Sur,Cliente F,Bebidas,221,181,0
2024-02-10,Almacén Norte,Cliente L,Lácteos,166,127,0
2024-02-10,Almacén Norte,Cliente K,Abarrotes,258,253,0
2024-02-10,Almacén Pacífico,Cliente B,Limpieza,223,191,0
2024-02-10,Almacén Centro,Cliente K,Limpieza,57,43,0
2024-02-10,Almacén Sur,Cliente K,Lácteos,323,238,0
2024-02-10,Almacén Sur,Cliente K,Limpieza,388,315,0
2024-02-10,Almacén Centro,Cliente B,Lácteos,204,181,0
2024-02-11,Almacén Sur,Cliente B,Limpieza,332,280,0
2024-02-11,Almacén Pacífico,Cliente A,Limpieza,206,191,0
2024-02-11,Almacén Pacífico,Cliente K,Bebidas,385,367,171
2024-02-11,Almacén Sur,Cliente Q,Botanas,187,150,72
2024-02-11,Almacén Norte,Cliente P,Limpieza,24,22,0
2024-02-11,Almacén Centro,Cliente B,Abarrotes,309,219,0
2024-02-11,Almacén Norte,Cliente L,Bebidas,387,272,136
2024-02-12,Almacén Sur,Cliente X,Abarrotes,52,43,0
2024-02-12,Almacén Centro,Cliente K,Botanas,51,50,13
2024-02-12,Almacén Centro,Cliente W,Bebidas,296,268,0
2024-02-12,Almacén Norte,Cliente K,Botanas,209,166,55
2024-02-12,Almacén Sur,Cliente K,Higiene,270,221,0
2024-02-12,Almacén Pacífico,Cliente G,Limpieza,114,103,0
2024-02-12,Almacén Centro,Cliente N,Botanas,375,262,0
2024-02-12,Almacén Sur,Cliente J,Bebidas,280,233,148
2024-02-12,Almacén Sur,Cliente K,Bebidas,117,90,0
2024-02-13,Almacén Centro,Cliente J,Limpieza,385,352,0
2024-02-13,Almacén Sur,Cliente K,Bebidas,329,236,0
2024-02-13,Almacén Centro,Cliente T,Higiene,206,187,99
2024-02-13,Almacén Pacífico,Cliente K,Botanas,200,179,23
2024-02-13,Almacén Pacífico,Cliente X,Higiene,41,37,0
2024-02-13,Almacén Centro,Cliente B,Higiene,85,68,13
2024-02-13,Almacén Pacífico,Cliente K,Botanas,140,128,0
2024-02-13,Almacén Sur,Cliente K,Bebidas,298,228,0
2024-02-14,Almacén Norte,Cliente J,Lácteos,15,12,2
2024-02-14,Almacén Norte,Cliente R,Bebidas,399,279,0
2024-02-14,Almacén Norte,Cliente L,Botanas,350,268,0
2024-02-14,Almacén Pacífico,Cliente X,Bebidas,114,107,0
2024-02-14,Almacén Sur,Cliente V,Abarrotes,372,271,0
2024-02-15,Almacén Centro,Cliente N,Bebidas,46,40,11
2024-02-15,Almacén Norte,Cliente N,Limpieza,72,59,0
2024-02-15,Almacén Sur,Cliente D,Botanas,294,222,0
2024-02-15,Almacén Centro,Cliente K,Abarrotes,249,246,0
2024-02-15,Almacén Pacífico,Cliente U,Lácteos,18,14,0
2024-02-16,Almacén Sur,Cliente W,Lácteos,57,42,0
2024-02-16,Almacén Pacífico,Cliente J,Abarrotes,321,239,0
2024-02-16,Almacén Sur,Cliente Y,Botanas,336,261,0
2024-02-16,Almacén Norte,Cliente K,Bebidas,94,85,0
2024-02-16,Almacén Centro,Cliente A,Bebidas,343,310,0
2024-02-16,Almacén Pacífico,Cliente B,Abarrotes,389,328,228
2024-02-17,Almacén Centro,Cliente U,Higiene,59,57,0
2024-02-17,Almacén Pacífico,Cliente U,Bebidas,60,51,0
2024-02-17,Almacén Sur,Cliente I,Lácteos,394,335,144
2024-02-17,Almacén Centro,Cliente A,Bebidas,9,7,0
2024-02-17,Almacén Pacífico,Cliente O,Bebidas,58,45,0
2024-02-18,Almacén Sur,Cliente B,Higiene,249,219,0
2024-02-18,Almacén Pacífico,Cliente X,Lácteos,319,298,0
2024-02-18,Almacén Norte,Cliente I,Abarrotes,86,77,0
2024-02-18,Almacén Centro,Cliente K,Botanas,162,123,0
2024-02-18,Almacén Sur,Cliente J,Bebidas,379,340,0
2024-02-19,Almacén Centro,Cliente U,Lácteos,23,22,0
2024-02-19,Almacén Norte,Cliente J,Botanas,335,333,0
2024-02-20,Almacén Sur,Cliente B,Higiene,239,228,0
2024-02-20,Almacén Centro,Cliente T,Limpieza,101,89,0
2024-02-21,Almacén Sur,Cliente U,Limpieza,182,137,0
2024-02-21,Almacén Centro,Cliente N,Botanas,341,328,0
2024-02-22,Almacén Centro,Cliente S,Limpieza,290,244,0
2024-02-22,Almacén Sur,Cliente J,Abarrotes,286,236,0
2024-02-22,Almacén Norte,Cliente B,Higiene,240,198,0
2024-02-23,Almacén Sur,Cliente U,Limpieza,115,83,0
2024-02-23,Almacén Pacífico,Cliente N,Botanas,301,287,0
2024-02-23,Almacén Sur,Cliente J,Limpieza,193,156,0
2024-02-23,Almacén Centro,Cliente B,Lácteos,158,135,0
2024-02-23,Almacén Centro,Cliente B,Limpieza,103,80,0
2024-02-23,Almacén Norte,Cliente B,Lácteos,40,34,0
2024-02-24,Almacén Norte,Cliente I,Botanas,236,195,0
2024-02-25,Almacén Sur,Cliente W,Lácteos,274,239,0
2024-02-25,Almacén Sur,Cliente X,Bebidas,306,249,0
2024-02-25,Almacén Norte,Cliente A,Abarrotes,356,328,0
2024-02-25,Almacén Pacífico,Cliente D,Abarrotes,294,266,59
2024-02-25,Almacén Norte,Cliente K,Lácteos,276,238,0
2024-02-25,Almacén Norte,Cliente K,Botanas,79,75,0
2024-02-25,Almacén Norte,Cliente J,Lácteos,315,302,0
2024-02-25,Almacén Centro,Cliente T,Lácteos,125,116,0
2024-02-25,Almacén Sur,Cliente N,Higiene,180,149,0
2024-02-25,Almacén Centro,Cliente D,Limpieza,81,64,0
2024-02-25,Almacén Pacífico,Cliente L,Limpieza,362,313,0
2024-02-26,Almacén Norte,Cliente J,Lácteos,311,307,0
2024-02-26,Almacén Sur,Cliente X,Higiene,5,4,1
2024-02-26,Almacén Sur,Cliente N,Higiene,48,46,0
2024-02-26,Almacén Norte,Cliente T,Botanas,61,53,0
2024-02-26,Almacén Norte,Cliente U,Limpieza,46,32,0
2024-02-26,Almacén Centro,Cliente H,Lácteos,285,257,0
2024-02-26,Almacén Pacífico,Cliente X,Lácteos,279,259,0
2024-02-27,Almacén Centro,Cliente J,Limpieza,290,251,30
2024-02-27,Almacén Pacífico,Cliente K,Higiene,291,261,0
2024-02-27,Almacén Centro,Cliente H,Lácteos,169,157,0
2024-02-27,Almacén Pacífico,Cliente D,Botanas,34,26,0
2024-02-28,Almacén Sur,Cliente U,Bebidas,353,280,0
2024-02-28,Almacén Sur,Cliente L,Botanas,269,233,0
2024-02-28,Almacén Norte,Cliente B,Abarrotes,285,242,0
2024-02-28,Almacén Sur,Cliente T,Bebidas,339,325,0
2024-02-29,Almacén Norte,Cliente X,Botanas,55,40,0
2024-02-29,Almacén Norte,Cliente K,Botanas,341,259,0
2024-02-29,Almacén Pacífico,Cliente K,Lácteos,300,259,0
2024-02-29,Almacén Pacífico,Cliente I,Botanas,243,217,0
2024-03-01,Almacén Sur,Cliente U,Lácteos,192,181,0
2024-03-01,Almacén Sur,Cliente H,Abarrotes,371,296,0
2024-03-02,Almacén Pacífico,Cliente K,Bebidas,134,121,0
2024-03-02,Almacén Pacífico,Cliente U,Bebidas,343,279,0
2024-03-02,Almacén Centro,Cliente T,Botanas,310,262,0
2024-03-02,Almacén Norte,Cliente O,Abarrotes,187,148,0
2024-03-02,Almacén Sur,Cliente U,Limpieza,374,334,0
2024-03-02,Almacén Sur,Cliente K,Bebidas,16,14,9
2024-03-02,Almacén Sur,Cliente B,Higiene,376,359,0
2024-03-02,Almacén Centro,Cliente I,Bebidas,262,245,0
2024-03-03,Almacén Pacífico,Cliente L,Higiene,56,51,10
2024-03-03,Almacén Pacífico,Cliente K,Limpieza,56,50,0
2024-03-03,Almacén Centro,Cliente J,Abarrotes,329,235,0
2024-03-03,Almacén Sur,Cliente K,Abarrotes,66,60,0
2024-03-03,Almacén Pacífico,Cliente K,Limpieza,342,276,0
2024-03-03,Almacén Pacífico,Cliente A,Botanas,359,256,0
2024-03-03,Almacén Sur,Cliente D,Higiene,165,162,0
2024-03-03,Almacén Pacífico,Cliente L,Higiene,100,70,41
2024-03-03,Almacén Norte,Cliente U,Limpieza,315,276,0
2024-03-04,Almacén Norte,Cliente I,Higiene,303,241,0
2024-03-04,Almacén Pacífico,Cliente X,Lácteos,193,171,0
2024-03-04,Almacén Norte,Cliente J,Bebidas,83,82,0
2024-03-04,Almacén Pacífico,Cliente K,Abarrotes,182,169,0
2024-03-05,Almacén Sur,Cliente N,Lácteos,290,230,0
2024-03-05,Almacén Pacífico,Cliente K,Higiene,132,124,0
2024-03-05,Almacén Centro,Cliente D,Limpieza,374,320,0
2024-03-05,Almacén Pacífico,Cliente I,Bebidas,159,151,0
2024-03-05,Almacén Sur,Cliente K,Limpieza,79,57,8
2024-03-05,Almacén Centro,Cliente K,Bebidas,10,7,0
2024-03-05,Almacén Centro,Cliente L,Lácteos,120,108,0
2024-03-06,Almacén Pacífico,Cliente X,Limpieza,293,214,0
2024-03-06,Almacén Sur,Cliente U,Limpieza,118,86,0
2024-03-06,Almacén Norte,Cliente A,Botanas,147,122,58
2024-03-06,Almacén Norte,Cliente X,Bebidas,136,119,0
2024-03-07,Almacén Norte,Cliente T,Limpieza,35,29,0
2024-03-07,Almacén Sur,Cliente J,Botanas,248,191,0
2024-03-07,Almacén Sur,Cliente T,Abarrotes,22,20,0
2024-03-08,Almacén Norte,Cliente A,Botanas,265,186,0
2024-03-08,Almacén Centro,Cliente D,Higiene,301,217,0
2024-03-08,Almacén Centro,Cliente U,Lácteos,78,60,0
2024-03-08,Almacén Pacífico,Cliente I,Lácteos,332,300,0
2024-03-08,Almacén Pacífico,Cliente K,Limpieza,187,143,0
2024-03-08,Almacén Sur,Cliente I,Higiene,363,354,0
2024-03-08,Almacén Pacífico,Cliente J,Lácteos,71,60,0
2024-03-08,Almacén Centro,Cliente H,Botanas,36,28,0
2024-03-08,Almacén Pacífico,Cliente G,Abarrotes,142,101,16
2024-03-09,Almacén Sur,Cliente W,Botanas,40,37,0
2024-03-09,Almacén Centro,Cliente F,Botanas,228,184,0
2024-03-09,Almacén Pacífico,Cliente K,Higiene,342,328,0
2024-03-09,Almacén Norte,Cliente B,Bebidas,264,233,0
2024-03-09,Almacén Norte,Cliente J,Bebidas,83,71,0
2024-03-09,Almacén Pacífico,Cliente U,Higiene,231,192,0
2024-03-10,Almacén Sur,Cliente Y,Lácteos,305,256,0
2024-03-10,Almacén Sur,Cliente Y,Lácteos,153,114,56
2024-03-10,Almacén Pacífico,Cliente B,Bebidas,341,315,0
2024-03-10,Almacén Norte,Cliente T,Limpieza,222,182,0
2024-03-10,Almacén Norte,Cliente P,Bebidas,312,262,0
2024-03-10,Almacén Sur,Cliente G,Bebidas,292,245,157
2024-03-11,Almacén Sur,Cliente L,Botanas,350,314,0
2024-03-11,Almacén Sur,Cliente W,Botanas,344,343,0
2024-03-11,Almacén Pacífico,Cliente L,Higiene,55,53,0
2024-03-11,Almacén Norte,Cliente Y,Abarrotes,300,267,0
2024-03-11,Almacén Centro,Cliente A,Abarrotes,171,165,0
2024-03-11,Almacén Centro,Cliente D,Abarrotes,11,8,0
2024-03-11,Almacén Norte,Cliente P,Botanas,50,48,0
2024-03-11,Almacén Norte,Cliente K,Botanas,283,253,35
2024-03-11,Almacén Norte,Cliente D,Limpieza,364,255,0
2024-03-12,Almacén Norte,Cliente K,Abarrotes,96,69,0
2024-03-12,Almacén Pacífico,Cliente R,Limpieza,138,101,0
2024-03-12,Almacén Pacífico,Cliente W,Limpieza,228,188,0
2024-03-13,Almacén Centro,Cliente K,Higiene,394,313,0
2024-03-13,Almacén Centro,Cliente D,Bebidas,138,127,0
2024-03-13,Almacén Centro,Cliente N,Higiene,245,228,0
2024-03-13,Almacén Pacífico,Cliente G,Higiene,119,116,0
2024-03-14,Almacén Norte,Cliente H,Limpieza,215,206,0
2024-03-14,Almacén Pacífico,Cliente U,Limpieza,49,42,0
2024-03-14,Almacén Centro,Cliente A,Botanas,394,341,0
2024-03-14,Almacén Norte,Cliente I,Bebidas,263,224,0
2024-03-14,Almacén Sur,Cliente K,Abarrotes,228,186,0
2024-03-14,Almacén Norte,Cliente K,Botanas,194,161,0
2024-03-14,Almacén Pacífico,Cliente U,Limpieza,256,250,0
2024-03-14,Almacén Sur,Cliente I,Abarrotes,152,149,0
2024-03-14,Almacén Centro,Cliente Y,Abarrotes,181,167,0
2024-03-14,Almacén Pacífico,Cliente I,Bebidas,141,138,0
2024-03-15,Almacén Norte,Cliente K,Bebidas,224,180,0
2024-03-15,Almacén Pacífico,Cliente D,Bebidas,50,47,17
2024-03-15,Almacén Centro,Cliente N,Bebidas,156,122,0
2024-03-15,Almacén Centro,Cliente F,Bebidas,346,294,0
2024-03-16,Almacén Pacífico,Cliente K,Higiene,116,88,0
2024-03-16,Almacén Pacífico,Cliente A,Abarrotes,225,223,0
2024-03-16,Almacén Norte,Cliente B,Abarrotes,186,154,57
2024-03-16,Almacén Sur,Cliente J,Higiene,200,188,0
2024-03-16,Almacén Sur,Cliente K,Bebidas,264,243,0
2024-03-16,Almacén Pacífico,Cliente U,Lácteos,295,291,0
2024-03-16,Almacén Pacífico,Cliente K,Limpieza,48,41,0
2024-03-16,Almacén Centro,Cliente K,Abarrotes,340,247,0
2024-03-17,Almacén Sur,Cliente T,Abarrotes,299,219,0
2024-03-17,Almacén Sur,Cliente B,Lácteos,70,52,0
2024-03-17,Almacén Centro,Cliente H,Bebidas,385,310,47
2024-03-18,Almacén Centro,Cliente I,Bebidas,174,135,0
2024-03-18,Almacén Norte,Cliente N,Higiene,383,327,0
2024-03-18,Almacén Pacífico,Cliente L,Abarrotes,132,128,0
2024-03-18,Almacén Pacífico,Cliente A,Abarrotes,160,126,0
2024-03-18,Almacén Pacífico,Cliente I,Botanas,195,146,0
2024-03-18,Almacén Centro,Cliente A,Bebidas,189,135,0
2024-03-18,Almacén Norte,Cliente B,Botanas,299,213,0
2024-03-18,Almacén Centro,Cliente K,Botanas,50,36,15
2024-03-19,Almacén Sur,Cliente N,Botanas,139,121,49
2024-03-19,Almacén Pacífico,Cliente P,Limpieza,136,102,0
2024-03-19,Almacén Sur,Cliente K,Abarrotes,165,162,0
2024-03-20,Almacén Sur,Cliente K,Abarrotes,328,323,0
2024-03-20,Almacén Centro,Cliente K,Limpieza,42,36,0
2024-03-20,Almacén Norte,Cliente J,Bebidas,320,274,0
2024-03-20,Almacén Pacífico,Cliente I,Limpieza,90,79,0
2024-03-20,Almacén Centro,Cliente J,Botanas,99,78,0
2024-03-20,Almacén Centro,Cliente K,Limpieza,110,80,0
2024-03-20,Almacén Centro,Cliente L,Lácteos,296,277,36
2024-03-20,Almacén Pacífico,Cliente K,Bebidas,358,303,0
2024-03-20,Almacén Norte,Cliente N,Abarrotes,148,114,24
2024-03-20,Almacén Norte,Cliente K,Higiene,97,90,0
2024-03-20,Almacén Sur,Cliente K,Higiene,268,189,0
2024-03-21,Almacén Centro,Cliente N,Lácteos,391,329,0
2024-03-21,Almacén Norte,Cliente W,Botanas,141,125,0
2024-03-21,Almacén Centro,Cliente J,Abarrotes,199,152,0
2024-03-21,Almacén Sur,Cliente K,Bebidas,197,180,0
2024-03-21,Almacén Pacífico,Cliente X,Limpieza,167,124,0
2024-03-21,Almacén Sur,Cliente W,Lácteos,8,5,0
2024-03-22,Almacén Sur,Cliente U,Limpieza,393,289,0
2024-03-22,Almacén Centro,Cliente U,Abarrotes,123,113,0
2024-03-22,Almacén Pacífico,Cliente K,Limpieza,309,285,168
2024-03-22,Almacén Sur,Cliente L,Botanas,387,366,0
2024-03-22,Almacén Centro,Cliente X,Abarrotes,221,213,0
2024-03-22,Almacén Pacífico,Cliente A,Botanas,142,101,0
2024-03-22,Almacén Norte,Cliente K,Higiene,30,29,0
2024-03-22,Almacén Pacífico,Cliente I,Abarrotes,84,76,0
2024-03-23,Almacén Sur,Cliente S,Lácteos,281,256,0
2024-03-23,Almacén Pacífico,Cliente X,Bebidas,176,150,0
2024-03-23,Almacén Centro,Cliente B,Abarrotes,78,57,0
2024-03-23,Almacén Sur,Cliente U,Lácteos,123,104,0
2024-03-23,Almacén Norte,Cliente I,Lácteos,283,268,0
2024-03-23,Almacén Centro,Cliente B,Higiene,168,151,0
2024-03-23,Almacén Norte,Cliente K,Lácteos,284,263,0
2024-03-23,Almacén Pacífico,Cliente K,Higiene,5,4,2
2024-03-23,Almacén Sur,Cliente B,Botanas,217,203,0
2024-03-23,Almacén Centro,Cliente K,Limpieza,122,107,17
2024-03-24,Almacén Norte,Cliente U,Botanas,379,375,0
2024-03-24,Almacén Centro,Cliente J,Abarrotes,204,180,0
2024-03-24,Almacén Sur,Cliente A,Botanas,95,85,0
2024-03-24,Almacén Centro,Cliente A,Higiene,282,264,0
2024-03-25,Almacén Sur,Cliente N,Botanas,56,44,0
2024-03-25,Almacén Sur,Cliente W,Lácteos,366,295,0
2024-03-25,Almacén Centro,Cliente K,Limpieza,290,208,0
2024-03-26,Almacén Sur,Cliente W,Higiene,161,153,65
2024-03-26,Almacén Sur,Cliente K,Abarrotes,191,175,0
2024-03-26,Almacén Sur,Cliente X,Higiene,100,89,0
2024-03-26,Almacén Centro,Cliente K,Abarrotes,209,154,0
2024-03-27,Almacén Sur,Cliente H,Higiene,238,214,0
2024-03-27,Almacén Centro,Cliente K,Botanas,70,65,0
2024-03-27,Almacén Norte,Cliente K,Abarrotes,353,329,0
2024-03-27,Almacén Pacífico,Cliente X,Bebidas,18,13,0
2024-03-27,Almacén Norte,Cliente N,Bebidas,326,287,0
2024-03-27,Almacén Sur,Cliente A,Bebidas,392,372,0
2024-03-27,Almacén Pacífico,Cliente V,Lácteos,46,37,0
2024-03-27,Almacén Norte,Cliente K,Lácteos,290,246,0
2024-03-28,Almacén Centro,Cliente K,Abarrotes,214,200,0
2024-03-28,Almacén Pacífico,Cliente K,Higiene,372,285,0
2024-03-28,Almacén Centro,Cliente K,Limpieza,143,126,0
2024-03-28,Almacén Pacífico,Cliente T,Limpieza,252,188,0
2024-03-28,Almacén Norte,Cliente I,Bebidas,156,136,0
2024-03-29,Almacén Norte,Cliente G,Abarrotes,8,7,0
2024-03-29,Almacén Centro,Cliente U,Limpieza,11,10,0
2024-03-30,Almacén Pacífico,Cliente A,Botanas,60,50,0
2024-03-30,Almacén Norte,Cliente D,Limpieza,271,268,0
2024-03-30,Almacén Centro,Cliente I,Limpieza,247,200,0
2024-03-30,Almacén Centro,Cliente K,Limpieza,89,82,0
2024-03-30,Almacén Sur,Cliente I,Bebidas,129,110,0
2024-03-31,Almacén Sur,Cliente G,Bebidas,247,205,0
2024-03-31,Almacén Pacífico,Cliente K,Limpieza,166,141,0
2024-03-31,Almacén Sur,Cliente Y,Limpieza,90,78,0
2024-03-31,Almacén Norte,Cliente D,Bebidas,84,64,18
2024-03-31,Almacén Pacífico,Cliente A,Higiene,22,21,0
2024-03-31,Almacén Norte,Cliente N,Botanas,375,280,0
2024-04-01,Almacén Sur,Cliente J,Bebidas,145,133,0
2024-04-01,Almacén Norte,Cliente J,Higiene,340,326,0
2024-04-01,Almacén Sur,Cliente A,Lácteos,51,47,0
2024-04-01,Almacén Sur,Cliente U,Botanas,315,280,0
2024-04-01,Almacén Pacífico,Cliente X,Limpieza,124,106,0
2024-04-01,Almacén Sur,Cliente Q,Bebidas,95,74,0
2024-04-01,Almacén Norte,Cliente K,Lácteos,295,244,0
2024-04-02,Almacén Pacífico,Cliente A,Abarrotes,105,89,0
2024-04-02,Almacén Pacífico,Cliente J,Botanas,259,192,0
2024-04-02,Almacén Centro,Cliente W,Lácteos,305,252,0
2024-04-02,Almacén Centro,Cliente D,Limpieza,362,276,0
2024-04-02,Almacén Sur,Cliente K,Limpieza,44,32,0
2024-04-02,Almacén Sur,Cliente B,Botanas,199,181,0
2024-04-03,Almacén Pacífico,Cliente I,Botanas,290,262,0
2024-04-03,Almacén Sur,Cliente Y,Lácteos,183,171,0
2024-04-03,Almacén Sur,Cliente T,Limpieza,328,267,60
2024-04-03,Almacén Pacífico,Cliente X,Lácteos,58,57,0
2024-04-03,Almacén Sur,Cliente B,Bebidas,183,128,52
2024-04-04,Almacén Norte,Cliente H,Botanas,96,72,14
2024-04-04,Almacén Pacífico,Cliente Y,Bebidas,107,96,0
2024-04-05,Almacén Centro,Cliente L,Higiene,197,173,0
2024-04-05,Almacén Sur,Cliente B,Botanas,261,221,0
2024-04-05,Almacén Norte,Cliente K,Limpieza,5,4,0
2024-04-06,Almacén Sur,Cliente L,Higiene,67,47,0
2024-04-06,Almacén Pacífico,Cliente U,Abarrotes,367,311,0
2024-04-06,Almacén Sur,Cliente B,Botanas,121,98,0
2024-04-06,Almacén Pacífico,Cliente L,Higiene,374,350,0
2024-04-07,Almacén Sur,Cliente G,Abarrotes,176,164,0
2024-04-07,Almacén Norte,Cliente B,Higiene,258,250,121
2024-04-08,Almacén Norte,Cliente N,Limpieza,243,229,0
2024-04-08,Almacén Pacífico,Cliente D,Botanas,262,186,0
2024-04-08,Almacén Sur,Cliente D,Higiene,208,150,101
2024-04-08,Almacén Sur,Cliente U,Higiene,39,34,0
2024-04-09,Almacén Centro,Cliente H,Lácteos,244,192,0
2024-04-09,Almacén Pacífico,Cliente N,Bebidas,381,360,0
2024-04-09,Almacén Norte,Cliente U,Botanas,391,364,0
2024-04-09,Almacén Centro,Cliente T,Bebidas,310,218,0
2024-04-09,Almacén Sur,Cliente K,Limpieza,7,6,2
2024-04-10,Almacén Centro,Cliente X,Abarrotes,234,225,116
2024-04-10,Almacén Sur,Cliente W,Bebidas,49,37,10
2024-04-10,Almacén Centro,Cliente D,Lácteos,384,338,0
2024-04-10,Almacén Pacífico,Cliente K,Abarrotes,329,289,0
2024-04-10,Almacén Sur,Cliente I,Bebidas,122,105,0
2024-04-11,Almacén Sur,Cliente B,Bebidas,271,256,0
2024-04-11,Almacén Sur,Cliente K,Lácteos,164,151,0
2024-04-11,Almacén Centro,Cliente U,Limpieza,370,314,0
2024-04-11,Almacén Centro,Cliente B,Bebidas,12,10,0
2024-04-11,Almacén Sur,Cliente I,Limpieza,213,165,0
2024-04-11,Almacén Centro,Cliente K,Lácteos,296,275,0
2024-04-11,Almacén Sur,Cliente B,Bebidas,289,247,0
2024-04-12,Almacén Norte,Cliente N,Higiene,8,6,0
2024-04-12,Almacén Norte,Cliente B,Lácteos,335,276,191
2024-04-12,Almacén Norte,Cliente K,Bebidas,308,225,0
2024-04-12,Almacén Pacífico,Cliente K,Lácteos,375,292,0
2024-04-12,Almacén Norte,Cliente D,Abarrotes,397,355,105
2024-04-12,Almacén Centro,Cliente W,Bebidas,319,228,60
2024-04-12,Almacén Pacífico,Cliente U,Higiene,379,364,0
2024-04-12,Almacén Centro,Cliente D,Bebidas,151,107,0
2024-04-13,Almacén Sur,Cliente J,Botanas,42,36,0
2024-04-13,Almacén Norte,Cliente U,Limpieza,52,37,0
2024-04-13,Almacén Norte,Cliente G,Abarrotes,58,44,0
2024-04-13,Almacén Norte,Cliente K,Bebidas,216,186,0
2024-04-14,Almacén Sur,Cliente I,Bebidas,95,88,0
2024-04-14,Almacén Centro,Cliente W,Limpieza,49,46,0
2024-04-14,Almacén Norte,Cliente K,Limpieza,14,11,0
2024-04-14,Almacén Centro,Cliente G,Abarrotes,264,214,0
2024-04-15,Almacén Pacífico,Cliente K,Lácteos,21,20,0
2024-04-15,Almacén Sur,Cliente U,Higiene,119,113,70
2024-04-15,Almacén Sur,Cliente N,Abarrotes,62,44,15
2024-04-15,Almacén Sur,Cliente W,Lácteos,250,236,71
2024-04-15,Almacén Sur,Cliente J,Bebidas,27,24,0
2024-04-15,Almacén Norte,Cliente K,Limpieza,97,87,0
2024-04-15,Almacén Sur,Cliente K,Abarrotes,333,244,0
2024-04-15,Almacén Norte,Cliente K,Limpieza,188,143,0
2024-04-15,Almacén Norte,Cliente G,Higiene,165,123,72
2024-04-16,Almacén Sur,Cliente X,Higiene,284,260,0
2024-04-16,Almacén Pacífico,Cliente B,Botanas,306,283,0
2024-04-16,Almacén Centro,Cliente U,Limpieza,236,206,0
2024-04-16,Almacén Sur,Cliente M,Bebidas,260,182,0
2024-04-16,Almacén Sur,Cliente K,Botanas,339,267,0
2024-04-16,Almacén Norte,Cliente B,Higiene,277,250,0
2024-04-16,Almacén Centro,Cliente B,Lácteos,214,155,0
2024-04-17,Almacén Sur,Cliente U,Bebidas,310,235,0
2024-04-17,Almacén Centro,Cliente B,Higiene,307,281,0
2024-04-17,Almacén Centro,Cliente K,Bebidas,301,278,0
2024-04-17,Almacén Centro,Cliente B,Bebidas,54,49,0
2024-04-17,Almacén Centro,Cliente K,Higiene,309,287,0
2024-04-18,Almacén Norte,Cliente K,Higiene,104,92,0
2024-04-18,Almacén Sur,Cliente K,Abarrotes,131,103,0
2024-04-19,Almacén Sur,Cliente D,Bebidas,62,44,36
2024-04-19,Almacén Centro,Cliente U,Botanas,119,117,0
2024-04-19,Almacén Centro,Cliente W,Higiene,52,36,17
2024-04-20,Almacén Centro,Cliente T,Bebidas,245,205,0
2024-04-20,Almacén Sur,Cliente K,Limpieza,379,292,0
2024-04-20,Almacén Pacífico,Cliente Y,Limpieza,86,65,0
2024-04-20,Almacén Pacífico,Cliente G,Limpieza,46,42,0
2024-04-20,Almacén Norte,Cliente I,Abarrotes,230,205,0
2024-04-21,Almacén Pacífico,Cliente K,Limpieza,21,20,0
2024-04-21,Almacén Norte,Cliente N,Bebidas,265,194,134
2024-04-21,Almacén Sur,Cliente S,Limpieza,269,262,0
2024-04-21,Almacén Centro,Cliente G,Abarrotes,384,305,0
2024-04-21,Almacén Centro,Cliente P,Lácteos,262,261,0
2024-04-21,Almacén Sur,Cliente K,Bebidas,241,239,0
2024-04-22,Almacén Sur,Cliente Y,Higiene,181,147,0
2024-04-22,Almacén Norte,Cliente K,Lácteos,118,114,0
2024-04-22,Almacén Pacífico,Cliente W,Higiene,390,323,0
2024-04-22,Almacén Sur,Cliente B,Higiene,366,314,0
2024-04-22,Almacén Pacífico,Cliente G,Higiene,47,41,0
2024-04-22,Almacén Norte,Cliente I,Bebidas,127,125,0
2024-04-22,Almacén Norte,Cliente S,Botanas,271,267,0
2024-04-22,Almacén Pacífico,Cliente B,Bebidas,166,134,0
2024-04-22,Almacén Centro,Cliente A,Limpieza,371,329,0
2024-04-23,Almacén Sur,Cliente N,Abarrotes,135,102,0
2024-04-23,Almacén Pacífico,Cliente J,Bebidas,22,20,0
2024-04-23,Almacén Norte,Cliente N,Abarrotes,266,253,0
2024-04-24,Almacén Sur,Cliente Y,Abarrotes,310,226,0
2024-04-24,Almacén Sur,Cliente T,Limpieza,169,127,0
2024-04-24,Almacén Centro,Cliente U,Botanas,160,154,0
2024-04-24,Almacén Norte,Cliente T,Botanas,266,252,0
2024-04-24,Almacén Norte,Cliente L,Lácteos,291,256,0
2024-04-24,Almacén Pacífico,Cliente K,Limpieza,316,269,0
2024-04-24,Almacén Centro,Cliente U,Lácteos,361,303,0
2024-04-25,Almacén Pacífico,Cliente W,Bebidas,387,280,0
2024-04-25,Almacén Sur,Cliente Y,Abarrotes,252,191,0
2024-04-25,Almacén Norte,Cliente T,Bebidas,92,84,0
2024-04-25,Almacén Norte,Cliente K,Lácteos,384,351,0
2024-04-25,Almacén Pacífico,Cliente L,Abarrotes,13,11,0
2024-04-26,Almacén Centro,Cliente G,Abarrotes,392,301,0
2024-04-26,Almacén Norte,Cliente K,Lácteos,372,329,0
2024-04-27,Almacén Sur,Cliente J,Abarrotes,53,48,0
2024-04-27,Almacén Norte,Cliente F,Abarrotes,283,209,0
2024-04-27,Almacén Norte,Cliente U,Botanas,365,283,0
2024-04-28,Almacén Pacífico,Cliente K,Abarrotes,203,173,0
2024-04-28,Almacén Pacífico,Cliente I,Botanas,290,250,0
2024-04-28,Almacén Sur,Cliente K,Lácteos,24,17,0
2024-04-28,Almacén Centro,Cliente K,Limpieza,312,295,0
2024-04-28,Almacén Sur,Cliente J,Abarrotes,358,341,0
2024-04-28,Almacén Centro,Cliente B,Botanas,318,307,0
2024-04-28,Almacén Sur,Cliente W,Bebidas,303,280,0
2024-04-28,Almacén Pacífico,Cliente K,Higiene,250,241,0
2024-04-29,Almacén Pacífico,Cliente K,Higiene,148,124,0
2024-04-29,Almacén Pacífico,Cliente K,Higiene,45,37,21
2024-04-30,Almacén Centro,Cliente T,Abarrotes,387,310,144
2024-04-30,Almacén Centro,Cliente J,Abarrotes,224,215,0
2024-04-30,Almacén Centro,Cliente N,Botanas,375,291,0
2024-04-30,Almacén Norte,Cliente I,Bebidas,373,344,0
2024-04-30,Almacén Sur,Cliente K,Botanas,227,208,0
2024-05-01,Almacén Pacífico,Cliente D,Limpieza,178,154,0
2024-05-01,Almacén Sur,Cliente U,Higiene,33,27,7
2024-05-01,Almacén Norte,Cliente T,Higiene,148,142,0
2024-05-01,Almacén Sur,Cliente K,Higiene,301,231,0
2024-05-01,Almacén Centro,Cliente N,Botanas,386,281,0
2024-05-01,Almacén Norte,Cliente K,Higiene,337,272,0
2024-05-02,Almacén Sur,Cliente S,Bebidas,103,85,10
2024-05-02,Almacén Norte,Cliente U,Botanas,356,303,36
2024-05-02,Almacén Centro,Cliente R,Bebidas,355,282,0
2024-05-02,Almacén Sur,Cliente N,Abarrotes,192,169,0
2024-05-03,Almacén Pacífico,Cliente U,Higiene,81,57,0
2024-05-03,Almacén Sur,Cliente G,Higiene,158,111,0
2024-05-03,Almacén Sur,Cliente K,Limpieza,398,288,0
2024-05-03,Almacén Centro,Cliente K,Abarrotes,108,86,0
2024-05-03,Almacén Sur,Cliente B,Lácteos,313,237,0
2024-05-03,Almacén Norte,Cliente A,Abarrotes,265,252,0
2024-05-03,Almacén Sur,Cliente K,Bebidas,67,51,0
2024-05-03,Almacén Pacífico,Cliente J,Bebidas,322,240,0
2024-05-04,Almacén Centro,Cliente B,Limpieza,42,34,0
2024-05-04,Almacén Sur,Cliente X,Bebidas,232,164,26
2024-05-04,Almacén Pacífico,Cliente K,Botanas,301,228,0
2024-05-04,Almacén Norte,Cliente T,Botanas,312,269,0
2024-05-04,Almacén Sur,Cliente X,Bebidas,294,237,0
2024-05-05,Almacén Norte,Cliente X,Higiene,160,143,0
2024-05-05,Almacén Pacífico,Cliente N,Botanas,131,112,46
2024-05-05,Almacén Centro,Cliente D,Lácteos,250,194,0
2024-05-05,Almacén Sur,Cliente S,Lácteos,215,179,0
2024-05-05,Almacén Centro,Cliente T,Abarrotes,298,277,0
2024-05-05,Almacén Centro,Cliente S,Lácteos,101,76,0
2024-05-06,Almacén Sur,Cliente U,Higiene,36,26,0
2024-05-06,Almacén Norte,Cliente J,Limpieza,180,159,0
2024-05-07,Almacén Norte,Cliente Y,Limpieza,75,63,0
2024-05-07,Almacén Norte,Cliente Y,Lácteos,68,65,0
2024-05-07,Almacén Centro,Cliente D,Bebidas,262,242,0
2024-05-07,Almacén Pacífico,Cliente K,Botanas,204,189,0
2024-05-07,Almacén Pacífico,Cliente N,Abarrotes,265,242,0
2024-05-07,Almacén Pacífico,Cliente T,Lácteos,110,81,0
2024-05-08,Almacén Norte,Cliente K,Higiene,263,212,149
2024-05-08,Almacén Norte,Cliente T,Abarrotes,140,134,0
2024-05-08,Almacén Sur,Cliente Y,Botanas,252,188,0
2024-05-08,Almacén Centro,Cliente B,Higiene,325,279,0
2024-05-09,Almacén Pacífico,Cliente B,Abarrotes,9,6,0
2024-05-09,Almacén Centro,Cliente J,Higiene,198,142,50
2024-05-09,Almacén Sur,Cliente B,Abarrotes,206,172,0
2024-05-10,Almacén Pacífico,Cliente B,Higiene,264,214,0
2024-05-10,Almacén Norte,Cliente W,Lácteos,397,387,0
2024-05-10,Almacén Centro,Cliente A,Abarrotes,79,64,0
2024-05-10,Almacén Pacífico,Cliente X,Lácteos,168,128,0
2024-05-10,Almacén Sur,Cliente J,Higiene,215,208,0
2024-05-10,Almacén Pacífico,Cliente I,Higiene,169,160,59
2024-05-11,Almacén Sur,Cliente U,Botanas,256,217,96
2024-05-11,Almacén Norte,Cliente A,Lácteos,71,68,0
2024-05-11,Almacén Pacífico,Cliente I,Higiene,76,55,0
2024-05-11,Almacén Sur,Cliente K,Lácteos,378,275,0
2024-05-11,Almacén Centro,Cliente X,Botanas,216,180,0
2024-05-12,Almacén Centro,Cliente U,Lácteos,214,185,0
2024-05-12,Almacén Pacífico,Cliente D,Higiene,262,213,0
2024-05-12,Almacén Norte,Cliente W,Limpieza,205,147,27
2024-05-12,Almacén Norte,Cliente I,Abarrotes,367,281,0
2024-05-12,Almacén Sur,Cliente Y,Botanas,318,302,0
2024-05-12,Almacén Norte,Cliente X,Lácteos,298,251,0
2024-05-12,Almacén Norte,Cliente X,Higiene,113,100,0
2024-05-13,Almacén Pacífico,Cliente D,Abarrotes,318,222,0
2024-05-13,Almacén Norte,Cliente B,Limpieza,300,247,0
2024-05-13,Almacén Norte,Cliente K,Limpieza,215,160,0
2024-05-13,Almacén Centro,Cliente N,Bebidas,71,61,29
2024-05-13,Almacén Sur,Cliente J,Botanas,194,177,0
2024-05-14,Almacén Pacífico,Cliente S,Higiene,81,66,0
2024-05-14,Almacén Pacífico,Cliente H,Bebidas,160,156,87
2024-05-14,Almacén Pacífico,Cliente X,Abarrotes,5,4,0
2024-05-14,Almacén Sur,Cliente U,Limpieza,87,63,0
2024-05-15,Almacén Sur,Cliente R,Limpieza,276,255,55
2024-05-15,Almacén Sur,Cliente K,Botanas,374,324,0
2024-05-15,Almacén Centro,Cliente I,Botanas,119,118,0
2024-05-15,Almacén Centro,Cliente V,Higiene,328,242,0
2024-05-15,Almacén Sur,Cliente X,Limpieza,361,299,187
2024-05-16,Almacén Pacífico,Cliente F,Limpieza,142,116,0
2024-05-16,Almacén Sur,Cliente K,Abarrotes,269,223,91
2024-05-16,Almacén Sur,Cliente K,Abarrotes,167,147,0
2024-05-17,Almacén Centro,Cliente G,Botanas,202,149,0
2024-05-17,Almacén Pacífico,Cliente K,Botanas,154,151,33
2024-05-17,Almacén Norte,Cliente L,Abarrotes,375,292,0
2024-05-17,Almacén Pacífico,Cliente S,Higiene,63,46,0
2024-05-18,Almacén Norte,Cliente H,Abarrotes,277,200,0
2024-05-18,Almacén Centro,Cliente T,Higiene,199,174,0
2024-05-18,Almacén Pacífico,Cliente D,Higiene,339,299,0
2024-05-18,Almacén Centro,Cliente F,Botanas,53,41,0
2024-05-18,Almacén Sur,Cliente A,Higiene,273,217,0
2024-05-18,Almacén Sur,Cliente N,Lácteos,241,235,0
2024-05-19,Almacén Sur,Cliente K,Botanas,254,235,0
2024-05-19,Almacén Centro,Cliente B,Limpieza,48,42,0
2024-05-19,Almacén Norte,Cliente K,Higiene,107,75,0
2024-05-19,Almacén Norte,Cliente K,Abarrotes,258,191,0
2024-05-19,Almacén Centro,Cliente I,Botanas,214,173,0
2024-05-20,Almacén Centro,Cliente B,Limpieza,337,287,0
2024-05-21,Almacén Sur,Cliente A,Lácteos,186,174,0
2024-05-21,Almacén Sur,Cliente A,Bebidas,236,170,0
2024-05-21,Almacén Norte,Cliente D,Limpieza,330,296,0
2024-05-21,Almacén Pacífico,Cliente B,Lácteos,65,62,0
2024-05-21,Almacén Centro,Cliente D,Botanas,395,377,0
2024-05-21,Almacén Pacífico,Cliente K,Limpieza,78,55,0
2024-05-22,Almacén Pacífico,Cliente D,Abarrotes,127,125,0
2024-05-22,Almacén Pacífico,Cliente K,Limpieza,232,227,0
2024-05-22,Almacén Norte,Cliente N,Limpieza,118,110,0
2024-05-22,Almacén Norte,Cliente I,Abarrotes,341,285,0
2024-05-22,Almacén Sur,Cliente B,Bebidas,345,287,98
2024-05-22,Almacén Centro,Cliente I,Abarrotes,73,61,0
2024-05-22,Almacén Centro,Cliente V,Botanas,158,125,0
2024-05-23,Almacén Pacífico,Cliente D,Higiene,83,71,0
2024-05-23,Almacén Pacífico,Cliente A,Bebidas,214,167,0
2024-05-23,Almacén Centro,Cliente A,Bebidas,70,62,0
2024-05-23,Almacén Pacífico,Cliente A,Lácteos,373,319,0
2024-05-24,Almacén Centro,Cliente K,Higiene,212,170,0
2024-05-24,Almacén Sur,Cliente J,Limpieza,208,154,78
2024-05-24,Almacén Sur,Cliente S,Botanas,209,193,0
2024-05-24,Almacén Centro,Cliente U,Abarrotes,282,274,61
2024-05-24,Almacén Pacífico,Cliente J,Higiene,39,31,0
2024-05-25,Almacén Norte,Cliente N,Botanas,151,129,0
2024-05-25,Almacén Centro,Cliente F,Botanas,116,86,0
2024-05-25,Almacén Norte,Cliente K,Botanas,87,82,0
2024-05-25,Almacén Centro,Cliente T,Limpieza,45,42,19
2024-05-25,Almacén Centro,Cliente D,Lácteos,164,117,0
2024-05-26,Almacén Centro,Cliente K,Higiene,227,172,0
2024-05-26,Almacén Centro,Cliente B,Botanas,370,321,0
2024-05-26,Almacén Norte,Cliente K,Lácteos,218,204,116
2024-05-26,Almacén Pacífico,Cliente K,Abarrotes,376,351,58
2024-05-26,Almacén Sur,Cliente J,Abarrotes,355,352,0
2024-05-26,Almacén Centro,Cliente L,Bebidas,315,237,0
2024-05-26,Almacén Sur,Cliente J,Abarrotes,195,182,0
2024-05-27,Almacén Pacífico,Cliente K,Botanas,127,98,0
2024-05-27,Almacén Centro,Cliente L,Bebidas,140,132,0
2024-05-27,Almacén Sur,Cliente X,Abarrotes,253,200,0
2024-05-27,Almacén Centro,Cliente L,Lácteos,240,169,0
2024-05-27,Almacén Sur,Cliente Q,Limpieza,87,68,0
2024-05-28,Almacén Centro,Cliente X,Lácteos,357,251,0
2024-05-28,Almacén Pacífico,Cliente I,Bebidas,69,54,0
2024-05-28,Almacén Norte,Cliente U,Higiene,230,227,0
2024-05-28,Almacén Sur,Cliente N,Lácteos,31,25,0
2024-05-28,Almacén Sur,Cliente X,Abarrotes,103,75,16
2024-05-28,Almacén Norte,Cliente B,Higiene,149,121,0
2024-05-28,Almacén Norte,Cliente L,Abarrotes,133,131,0
2024-05-28,Almacén Norte,Cliente A,Higiene,208,204,109
2024-05-28,Almacén Centro,Cliente D,Limpieza,288,249,170
2024-05-29,Almacén Sur,Cliente T,Abarrotes,359,271,169
2024-05-29,Almacén Pacífico,Cliente B,Limpieza,367,265,0
2024-05-29,Almacén Sur,Cliente G,Higiene,246,172,0
2024-05-29,Almacén Sur,Cliente K,Abarrotes,239,237,0
2024-05-29,Almacén Centro,Cliente U,Lácteos,361,287,0
2024-05-30,Almacén Sur,Cliente T,Lácteos,138,120,62
2024-05-30,Almacén Sur,Cliente D,Botanas,82,64,22
2024-05-30,Almacén Norte,Cliente K,Bebidas,191,188,0
2024-05-30,Almacén Pacífico,Cliente K,Botanas,95,82,0
2024-05-30,Almacén Sur,Cliente T,Limpieza,65,47,0
2024-05-30,Almacén Pacífico,Cliente K,Bebidas,252,242,0
2024-05-30,Almacén Centro,Cliente J,Higiene,183,153,99
2024-05-31,Almacén Sur,Cliente K,Lácteos,154,128,0
2024-06-01,Almacén Sur,Cliente A,Botanas,44,38,0
2024-06-01,Almacén Norte,Cliente A,Botanas,39,33,0
2024-06-01,Almacén Pacífico,Cliente A,Lácteos,397,388,0
2024-06-01,Almacén Pacífico,Cliente Y,Botanas,242,239,0
2024-06-01,Almacén Norte,Cliente B,Abarrotes,364,282,0
2024-06-01,Almacén Sur,Cliente W,Limpieza,393,303,0
2024-06-01,Almacén Pacífico,Cliente U,Higiene,73,64,0
2024-06-01,Almacén Pacífico,Cliente K,Abarrotes,370,346,38
2024-06-02,Almacén Centro,Cliente F,Abarrotes,77,61,0
2024-06-02,Almacén Centro,Cliente M,Bebidas,142,109,0
2024-06-02,Almacén Norte,Cliente W,Limpieza,247,230,0
2024-06-02,Almacén Sur,Cliente S,Higiene,211,199,0
2024-06-02,Almacén Pacífico,Cliente B,Lácteos,88,65,0
2024-06-02,Almacén Centro,Cliente V,Botanas,161,146,0
2024-06-02,Almacén Centro,Cliente K,Abarrotes,258,183,0
2024-06-02,Almacén Centro,Cliente X,Abarrotes,29,22,0
2024-06-03,Almacén Pacífico,Cliente I,Bebidas,371,337,0
2024-06-03,Almacén Sur,Cliente T,Botanas,276,203,0
2024-06-03,Almacén Norte,Cliente W,Lácteos,371,369,0
2024-06-03,Almacén Centro,Cliente O,Abarrotes,322,244,97
2024-06-03,Almacén Centro,Cliente D,Botanas,379,357,0
2024-06-03,Almacén Norte,Cliente U,Abarrotes,44,39,9
2024-06-04,Almacén Norte,Cliente U,Lácteos,370,277,0
2024-06-04,Almacén Pacífico,Cliente B,Botanas,351,350,131
2024-06-04,Almacén Sur,Cliente E,Bebidas,115,81,0
2024-06-04,Almacén Sur,Cliente B,Abarrotes,119,114,0
2024-06-05,Almacén Centro,Cliente X,Higiene,65,47,0
2024-06-05,Almacén Pacífico,Cliente K,Bebidas,129,103,0
2024-06-05,Almacén Centro,Cliente T,Lácteos,218,216,0
2024-06-05,Almacén Centro,Cliente K,Abarrotes,341,305,0
2024-06-05,Almacén Norte,Cliente W,Higiene,31,28,0
2024-06-05,Almacén Centro,Cliente N,Higiene,128,92,0
2024-06-05,Almacén Sur,Cliente Y,Botanas,244,241,0
2024-06-05,Almacén Sur,Cliente V,Abarrotes,363,259,0
2024-06-06,Almacén Norte,Cliente J,Lácteos,60,44,0
2024-06-06,Almacén Sur,Cliente U,Bebidas,334,320,0
2024-06-06,Almacén Norte,Cliente B,Botanas,159,144,0
2024-06-06,Almacén Pacífico,Cliente K,Higiene,65,52,0
2024-06-06,Almacén Sur,Cliente A,Bebidas,124,95,0
2024-06-07,Almacén Sur,Cliente K,Higiene,77,60,0
2024-06-07,Almacén Norte,Cliente B,Higiene,15,13,2
2024-06-07,Almacén Sur,Cliente K,Botanas,174,132,0
2024-06-07,Almacén Norte,Cliente B,Higiene,247,189,0
2024-06-07,Almacén Sur,Cliente I,Lácteos,166,120,27
2024-06-07,Almacén Sur,Cliente D,Higiene,25,20,0
2024-06-07,Almacén Norte,Cliente K,Botanas,45,32,0
2024-06-07,Almacén Centro,Cliente K,Limpieza,291,255,147
2024-06-08,Almacén Pacífico,Cliente K,Limpieza,170,153,0
2024-06-08,Almacén Sur,Cliente U,Botanas,11,8,0
2024-06-08,Almacén Pacífico,Cliente W,Limpieza,32,29,0
2024-06-08,Almacén Norte,Cliente Y,Abarrotes,309,220,0
2024-06-08,Almacén Centro,Cliente I,Botanas,86,67,0
2024-06-08,Almacén Norte,Cliente N,Botanas,285,212,117
2024-06-09,Almacén Centro,Cliente X,Lácteos,97,89,0
2024-06-09,Almacén Pacífico,Cliente T,Bebidas,233,185,0
2024-06-09,Almacén Centro,Cliente A,Abarrotes,184,154,0
2024-06-09,Almacén Sur,Cliente V,Limpieza,172,121,0
2024-06-09,Almacén Norte,Cliente A,Lácteos,117,87,0
2024-06-09,Almacén Pacífico,Cliente U,Limpieza,71,52,0
2024-06-09,Almacén Sur,Cliente I,Abarrotes,276,259,0
2024-06-10,Almacén Norte,Cliente I,Lácteos,213,155,0
2024-06-10,Almacén Norte,Cliente W,Lácteos,59,48,0
2024-06-11,Almacén Centro,Cliente D,Abarrotes,381,269,0
2024-06-11,Almacén Sur,Cliente N,Botanas,345,309,0
2024-06-11,Almacén Pacífico,Cliente I,Bebidas,374,357,0
2024-06-11,Almacén Norte,Cliente G,Limpieza,219,192,0
2024-06-11,Almacén Sur,Cliente K,Abarrotes,112,103,63
2024-06-11,Almacén Pacífico,Cliente K,Abarrotes,331,281,0
2024-06-11,Almacén Norte,Cliente B,Botanas,362,307,0
2024-06-11,Almacén Centro,Cliente T,Bebidas,211,191,0
2024-06-11,Almacén Norte,Cliente L,Botanas,205,185,0
2024-06-12,Almacén Centro,Cliente K,Lácteos,204,192,47
2024-06-12,Almacén Norte,Cliente X,Higiene,87,72,0
2024-06-12,Almacén Norte,Cliente X,Abarrotes,159,143,0
2024-06-12,Almacén Sur,Cliente P,Bebidas,324,290,0
2024-06-12,Almacén Sur,Cliente T,Botanas,283,260,0
2024-06-13,Almacén Centro,Cliente J,Higiene,248,240,0
2024-06-13,Almacén Norte,Cliente T,Limpieza,59,47,0
2024-06-13,Almacén Sur,Cliente Y,Botanas,93,84,0
2024-06-13,Almacén Pacífico,Cliente D,Limpieza,171,120,100
2024-06-13,Almacén Sur,Cliente K,Botanas,176,160,0
2024-06-13,Almacén Centro,Cliente R,Higiene,388,328,0
2024-06-13,Almacén Norte,Cliente T,Higiene,295,252,0
2024-06-14,Almacén Sur,Cliente G,Botanas,262,257,0
2024-06-14,Almacén Pacífico,Cliente J,Abarrotes,70,56,0
2024-06-14,Almacén Centro,Cliente N,Higiene,188,168,0
2024-06-14,Almacén Pacífico,Cliente U,Bebidas,381,317,0
2024-06-15,Almacén Centro,Cliente T,Botanas,147,118,20
2024-06-15,Almacén Norte,Cliente N,Lácteos,206,192,0
2024-06-15,Almacén Norte,Cliente B,Bebidas,179,141,26
2024-06-15,Almacén Pacífico,Cliente T,Bebidas,255,193,0
2024-06-16,Almacén Pacífico,Cliente U,Bebidas,347,334,200
2024-06-16,Almacén Norte,Cliente K,Limpieza,308,237,0
2024-06-16,Almacén Centro,Cliente T,Limpieza,65,47,0
2024-06-16,Almacén Sur,Cliente X,Limpieza,354,304,0
2024-06-17,Almacén Sur,Cliente B,Higiene,145,133,0
2024-06-17,Almacén Norte,Cliente T,Bebidas,131,111,0
2024-06-18,Almacén Centro,Cliente A,Botanas,295,216,0
2024-06-18,Almacén Norte,Cliente A,Higiene,351,265,0
2024-06-18,Almacén Norte,Cliente B,Limpieza,128,115,0
2024-06-18,Almacén Pacífico,Cliente U,Limpieza,272,233,0
2024-06-18,Almacén Norte,Cliente I,Bebidas,385,350,0
2024-06-18,Almacén Norte,Cliente Y,Botanas,368,330,0
2024-06-18,Almacén Pacífico,Cliente Y,Lácteos,124,93,12
2024-06-19,Almacén Sur,Cliente B,Abarrotes,46,44,0
2024-06-19,Almacén Pacífico,Cliente J,Botanas,277,268,0
2024-06-19,Almacén Pacífico,Cliente B,Bebidas,395,307,0
2024-06-19,Almacén Sur,Cliente H,Abarrotes,377,296,0
2024-06-19,Almacén Sur,Cliente I,Lácteos,330,314,0
2024-06-19,Almacén Norte,Cliente S,Bebidas,267,204,148
2024-06-19,Almacén Norte,Cliente U,Bebidas,289,229,0
2024-06-19,Almacén Norte,Cliente I,Higiene,55,43,0
2024-06-19,Almacén Sur,Cliente D,Bebidas,26,25,0
2024-06-20,Almacén Norte,Cliente S,Botanas,168,122,98
2024-06-20,Almacén Centro,Cliente W,Limpieza,243,207,0
2024-06-20,Almacén Pacífico,Cliente X,Lácteos,85,68,0
2024-06-20,Almacén Sur,Cliente I,Abarrotes,111,109,0
2024-06-20,Almacén Pacífico,Cliente K,Lácteos,216,188,0
2024-06-20,Almacén Sur,Cliente B,Higiene,347,251,0
2024-06-20,Almacén Norte,Cliente K,Botanas,359,345,0
2024-06-20,Almacén Sur,Cliente D,Higiene,371,268,0
2024-06-20,Almacén Sur,Cliente R,Lácteos,340,271,0
2024-06-21,Almacén Norte,Cliente K,Bebidas,214,190,0
2024-06-21,Almacén Norte,Cliente K,Lácteos,212,188,105
2024-06-21,Almacén Sur,Cliente G,Limpieza,281,237,149
2024-06-21,Almacén Norte,Cliente Y,Limpieza,283,275,0
2024-06-21,Almacén Pacífico,Cliente P,Bebidas,233,176,0
2024-06-22,Almacén Pacífico,Cliente I,Higiene,297,266,0
2024-06-22,Almacén Norte,Cliente W,Abarrotes,159,158,0
2024-06-23,Almacén Sur,Cliente K,Abarrotes,116,87,0
2024-06-23,Almacén Pacífico,Cliente X,Limpieza,385,320,0
2024-06-23,Almacén Sur,Cliente N,Lácteos,219,194,0
2024-06-23,Almacén Pacífico,Cliente A,Abarrotes,53,47,0
2024-06-23,Almacén Centro,Cliente R,Botanas,43,33,0
2024-06-23,Almacén Pacífico,Cliente A,Lácteos,331,252,0
2024-06-23,Almacén Pacífico,Cliente I,Bebidas,42,33,0
2024-06-23,Almacén Sur,Cliente M,Higiene,343,320,0
2024-06-24,Almacén Pacífico,Cliente I,Bebidas,60,45,0
2024-06-24,Almacén Norte,Cliente K,Botanas,385,303,0
2024-06-24,Almacén Sur,Cliente D,Lácteos,73,53,0
2024-06-24,Almacén Sur,Cliente U,Botanas,393,303,0
2024-06-24,Almacén Sur,Cliente K,Bebidas,6,5,0
2024-06-24,Almacén Sur,Cliente K,Abarrotes,195,170,0
2024-06-24,Almacén Pacífico,Cliente I,Botanas,390,378,0
2024-06-24,Almacén Centro,Cliente K,Botanas,324,317,0
2024-06-24,Almacén Sur,Cliente K,Limpieza,38,28,0
2024-06-24,Almacén Norte,Cliente B,Abarrotes,82,76,0
2024-06-24,Almacén Sur,Cliente T,Higiene,19,18,0
2024-06-24,Almacén Pacífico,Cliente L,Lácteos,83,69,0
2024-06-24,Almacén Norte,Cliente K,Lácteos,249,236,0
2024-06-24,Almacén Pacífico,Cliente W,Lácteos,248,192,0
2024-06-24,Almacén Centro,Cliente F,Higiene,81,72,0
2024-06-24,Almacén Pacífico,Cliente K,Bebidas,384,366,0
2024-06-25,Almacén Norte,Cliente L,Bebidas,20,16,4
2024-06-25,Almacén Centro,Cliente U,Abarrotes,281,201,0
2024-06-25,Almacén Centro,Cliente X,Higiene,75,61,0
2024-06-25,Almacén Sur,Cliente B,Bebidas,385,347,0
2024-06-25,Almacén Norte,Cliente W,Botanas,154,127,0
2024-06-25,Almacén Sur,Cliente U,Limpieza,243,193,0
2024-06-25,Almacén Centro,Cliente J,Abarrotes,171,126,0
2024-06-26,Almacén Sur,Cliente X,Botanas,55,38,0
2024-06-26,Almacén Pacífico,Cliente Y,Botanas,252,245,59
2024-06-26,Almacén Sur,Cliente K,Lácteos,24,16,0
2024-06-26,Almacén Pacífico,Cliente K,Bebidas,61,47,0
2024-06-27,Almacén Norte,Cliente K,Botanas,369,315,0
2024-06-27,Almacén Centro,Cliente Q,Higiene,60,44,0
2024-06-27,Almacén Sur,Cliente J,Botanas,68,53,0
2024-06-28,Almacén Sur,Cliente H,Bebidas,357,317,0
2024-06-28,Almacén Norte,Cliente K,Limpieza,7,5,0
2024-06-28,Almacén Norte,Cliente B,Bebidas,22,19,0
2024-06-28,Almacén Centro,Cliente T,Abarrotes,92,83,0
2024-06-28,Almacén Centro,Cliente U,Lácteos,39,32,0
2024-06-29,Almacén Norte,Cliente K,Higiene,64,46,35
2024-06-29,Almacén Centro,Cliente K,Abarrotes,106,86,0
2024-06-29,Almacén Norte,Cliente Y,Abarrotes,12,10,0
2024-06-29,Almacén Norte,Cliente K,Botanas,341,295,0
2024-06-30,Almacén Pacífico,Cliente B,Bebidas,201,173,104
2024-06-30,Almacén Centro,Cliente W,Lácteos,69,56,0
2024-06-30,Almacén Norte,Cliente D,Bebidas,59,58,0
2024-06-30,Almacén Centro,Cliente K,Limpieza,229,211,0
2024-06-30,Almacén Pacífico,Cliente B,Lácteos,183,167,44
2024-06-30,Almacén Centro,Cliente K,Lácteos,289,208,0
2024-07-01,Almacén Sur,Cliente K,Abarrotes,66,64,0
2024-07-01,Almacén Sur,Cliente X,Bebidas,352,301,0
2024-07-01,Almacén Norte,Cliente X,Abarrotes,172,156,0
2024-07-01,Almacén Sur,Cliente T,Limpieza,262,196,0
2024-07-01,Almacén Sur,Cliente B,Botanas,227,204,0
2024-07-01,Almacén Norte,Cliente I,Limpieza,46,40,12
2024-07-01,Almacén Norte,Cliente K,Lácteos,384,304,0
2024-07-02,Almacén Norte,Cliente B,Abarrotes,215,151,0
2024-07-02,Almacén Sur,Cliente A,Limpieza,167,134,0
2024-07-02,Almacén Norte,Cliente T,Botanas,314,287,0
2024-07-02,Almacén Centro,Cliente J,Botanas,161,126,0
2024-07-02,Almacén Sur,Cliente I,Abarrotes,299,226,0
2024-07-02,Almacén Centro,Cliente J,Higiene,165,151,0
2024-07-02,Almacén Norte,Cliente K,Abarrotes,168,118,0
2024-07-03,Almacén Norte,Cliente A,Higiene,124,92,0
2024-07-03,Almacén Centro,Cliente K,Bebidas,347,261,0
2024-07-03,Almacén Sur,Cliente U,Bebidas,205,152,0
2024-07-03,Almacén Sur,Cliente L,Limpieza,29,25,0
2024-07-04,Almacén Sur,Cliente J,Bebidas,251,229,0
2024-07-04,Almacén Pacífico,Cliente F,Abarrotes,38,29,0
2024-07-04,Almacén Pacífico,Cliente U,Bebidas,379,311,0
2024-07-05,Almacén Pacífico,Cliente K,Higiene,235,166,0
2024-07-05,Almacén Centro,Cliente P,Lácteos,149,122,0
2024-07-05,Almacén Sur,Cliente B,Bebidas,383,270,0
2024-07-05,Almacén Centro,Cliente J,Abarrotes,335,301,0
2024-07-06,Almacén Pacífico,Cliente K,Lácteos,80,61,0
2024-07-06,Almacén Sur,Cliente K,Limpieza,370,295,0
2024-07-07,Almacén Norte,Cliente B,Bebidas,166,132,0
2024-07-07,Almacén Centro,Cliente B,Limpieza,331,298,194
2024-07-07,Almacén Centro,Cliente W,Lácteos,307,221,0
2024-07-08,Almacén Pacífico,Cliente K,Higiene,82,71,0
2024-07-08,Almacén Sur,Cliente K,Higiene,394,373,0
2024-07-08,Almacén Sur,Cliente A,Limpieza,362,336,126
2024-07-08,Almacén Centro,Cliente L,Botanas,264,244,0
2024-07-08,Almacén Centro,Cliente T,Lácteos,228,172,37
2024-07-08,Almacén Centro,Cliente A,Botanas,172,127,0
2024-07-09,Almacén Norte,Cliente I,Higiene,39,27,0
2024-07-09,Almacén Centro,Cliente A,Botanas,337,248,0
2024-07-09,Almacén Centro,Cliente G,Lácteos,44,43,0
2024-07-09,Almacén Sur,Cliente Y,Limpieza,379,289,0
2024-07-09,Almacén Centro,Cliente B,Botanas,46,34,0
2024-07-10,Almacén Norte,Cliente W,Limpieza,376,271,0
2024-07-10,Almacén Norte,Cliente T,Abarrotes,369,310,161
2024-07-10,Almacén Sur,Cliente W,Botanas,249,181,0
2024-07-10,Almacén Centro,Cliente A,Higiene,342,315,0
2024-07-10,Almacén Sur,Cliente U,Bebidas,28,25,0
2024-07-11,Almacén Sur,Cliente K,Abarrotes,9,8,0
2024-07-11,Almacén Pacífico,Cliente Y,Abarrotes,392,355,0
2024-07-11,Almacén Pacífico,Cliente K,Limpieza,285,247,154
2024-07-11,Almacén Sur,Cliente K,Lácteos,301,262,0
2024-07-11,Almacén Norte,Cliente D,Bebidas,269,236,93
2024-07-11,Almacén Pacífico,Cliente G,Botanas,70,59,0
2024-07-11,Almacén Sur,Cliente B,Botanas,34,25,0
2024-07-12,Almacén Centro,Cliente K,Abarrotes,253,195,0
2024-07-12,Almacén Centro,Cliente N,Lácteos,84,64,0
2024-07-12,Almacén Pacífico,Cliente I,Lácteos,366,334,0
2024-07-12,Almacén Pacífico,Cliente K,Botanas,73,59,0
2024-07-12,Almacén Centro,Cliente J,Higiene,188,157,0
2024-07-12,Almacén Norte,Cliente I,Lácteos,60,45,0
2024-07-12,Almacén Centro,Cliente K,Botanas,305,293,0
2024-07-12,Almacén Norte,Cliente W,Higiene,68,50,0
2024-07-12,Almacén Norte,Cliente U,Lácteos,208,201,0
2024-07-12,Almacén Pacífico,Cliente U,Higiene,233,202,0
2024-07-13,Almacén Sur,Cliente B,Bebidas,30,25,0
2024-07-13,Almacén Pacífico,Cliente U,Bebidas,186,157,0
2024-07-13,Almacén Norte,Cliente K,Abarrotes,156,114,48
2024-07-13,Almacén Sur,Cliente G,Abarrotes,157,113,0
2024-07-14,Almacén Centro,Cliente X,Higiene,80,77,0
2024-07-14,Almacén Centro,Cliente U,Bebidas,55,47,0
2024-07-14,Almacén Norte,Cliente L,Botanas,210,187,0
2024-07-14,Almacén Norte,Cliente D,Limpieza,161,140,0
2024-07-14,Almacén Pacífico,Cliente D,Botanas,11,10,0
2024-07-14,Almacén Norte,Cliente D,Lácteos,178,157,0
2024-07-14,Almacén Centro,Cliente K,Botanas,362,291,0
2024-07-14,Almacén Norte,Cliente G,Botanas,322,227,0
2024-07-15,Almacén Pacífico,Cliente G,Higiene,149,134,77
2024-07-15,Almacén Sur,Cliente X,Abarrotes,188,133,0
2024-07-15,Almacén Norte,Cliente H,Limpieza,288,226,0
2024-07-15,Almacén Pacífico,Cliente B,Botanas,71,50,0
2024-07-15,Almacén Centro,Cliente U,Abarrotes,112,80,0
2024-07-16,Almacén Sur,Cliente I,Higiene,359,353,0
2024-07-16,Almacén Norte,Cliente K,Higiene,120,118,0
2024-07-16,Almacén Norte,Cliente A,Botanas,317,276,0
2024-07-16,Almacén Centro,Cliente J,Bebidas,372,337,0
2024-07-16,Almacén Sur,Cliente B,Lácteos,243,231,0
2024-07-16,Almacén Sur,Cliente X,Abarrotes,61,57,0
2024-07-16,Almacén Norte,Cliente F,Abarrotes,268,220,91
2024-07-17,Almacén Sur,Cliente F,Botanas,230,197,0
2024-07-17,Almacén Norte,Cliente X,Botanas,369,287,0
2024-07-17,Almacén Norte,Cliente Y,Botanas,308,268,0
2024-07-17,Almacén Sur,Cliente D,Lácteos,75,59,0
2024-07-18,Almacén Norte,Cliente J,Higiene,130,114,0
2024-07-18,Almacén Norte,Cliente U,Higiene,331,309,0
2024-07-18,Almacén Centro,Cliente U,Higiene,267,218,0
2024-07-18,Almacén Pacífico,Cliente N,Limpieza,253,232,0
2024-07-18,Almacén Sur,Cliente T,Higiene,316,267,102
2024-07-18,Almacén Pacífico,Cliente U,Lácteos,252,180,0
2024-07-18,Almacén Norte,Cliente J,Higiene,220,177,0
2024-07-19,Almacén Pacífico,Cliente U,Lácteos,175,165,0
2024-07-19,Almacén Sur,Cliente H,Botanas,132,102,0
2024-07-19,Almacén Norte,Cliente K,Limpieza,111,78,0
2024-07-19,Almacén Norte,Cliente D,Higiene,85,61,0
2024-07-19,Almacén Pacífico,Cliente N,Lácteos,280,258,0
2024-07-20,Almacén Pacífico,Cliente K,Higiene,152,125,0
2024-07-20,Almacén Sur,Cliente W,Bebidas,90,75,0
2024-07-20,Almacén Centro,Cliente S,Lácteos,174,157,61
2024-07-20,Almacén Norte,Cliente V,Lácteos,7,6,0
2024-07-20,Almacén Centro,Cliente Y,Lácteos,60,56,0
2024-07-20,Almacén Sur,Cliente J,Bebidas,232,207,100
2024-07-20,Almacén Sur,Cliente I,Bebidas,365,313,0
2024-07-20,Almacén Sur,Cliente K,Botanas,223,211,0
2024-07-20,Almacén Pacífico,Cliente Y,Botanas,277,251,0
2024-07-20,Almacén Centro,Cliente B,Botanas,19,14,0
2024-07-20,Almacén Centro,Cliente K,Botanas,183,178,0
2024-07-20,Almacén Pacífico,Cliente A,Bebidas,260,241,39
2024-07-20,Almacén Sur,Cliente K,Limpieza,192,138,0
2024-07-20,Almacén Centro,Cliente X,Limpieza,135,96,0
2024-07-21,Almacén Pacífico,Cliente W,Bebidas,100,85,0
2024-07-21,Almacén Norte,Cliente N,Botanas,139,122,0
2024-07-21,Almacén Pacífico,Cliente T,Limpieza,278,261,0
2024-07-21,Almacén Centro,Cliente A,Higiene,169,122,0
2024-07-21,Almacén Norte,Cliente O,Higiene,255,191,0
2024-07-22,Almacén Sur,Cliente I,Higiene,80,65,0
2024-07-22,Almacén Norte,Cliente T,Higiene,316,269,0
2024-07-22,Almacén Norte,Cliente T,Botanas,332,253,0
2024-07-22,Almacén Sur,Cliente B,Higiene,365,258,0
2024-07-22,Almacén Pacífico,Cliente W,Abarrotes,243,226,0
2024-07-22,Almacén Sur,Cliente B,Limpieza,179,170,0
2024-07-22,Almacén Norte,Cliente B,Abarrotes,103,88,0
2024-07-22,Almacén Centro,Cliente J,Limpieza,208,158,0
2024-07-23,Almacén Centro,Cliente Q,Bebidas,99,78,0
2024-07-23,Almacén Norte,Cliente K,Bebidas,51,40,13
2024-07-23,Almacén Norte,Cliente D,Limpieza,147,117,0
2024-07-23,Almacén Sur,Cliente A,Limpieza,45,42,0
2024-07-23,Almacén Centro,Cliente J,Lácteos,367,348,0
2024-07-24,Almacén Sur,Cliente U,Bebidas,41,38,0
2024-07-24,Almacén Sur,Cliente Y,Botanas,372,317,0
2024-07-24,Almacén Sur,Cliente X,Abarrotes,359,307,0
2024-07-24,Almacén Pacífico,Cliente K,Higiene,261,209,0
2024-07-24,Almacén Pacífico,Cliente W,Lácteos,340,322,119
2024-07-24,Almacén Sur,Cliente K,Bebidas,309,257,0
2024-07-25,Almacén Norte,Cliente Y,Higiene,214,201,0
2024-07-25,Almacén Centro,Cliente L,Lácteos,100,90,0
2024-07-25,Almacén Norte,Cliente B,Limpieza,356,318,0
2024-07-25,Almacén Pacífico,Cliente N,Abarrotes,258,246,0
2024-07-26,Almacén Sur,Cliente J,Abarrotes,307,240,0
2024-07-26,Almacén Norte,Cliente H,Lácteos,58,40,0
2024-07-26,Almacén Sur,Cliente N,Bebidas,101,86,0
2024-07-26,Almacén Pacífico,Cliente F,Botanas,284,243,0
2024-07-26,Almacén Norte,Cliente N,Limpieza,374,329,60
2024-07-27,Almacén Norte,Cliente A,Limpieza,8,7,0
2024-07-27,Almacén Pacífico,Cliente I,Lácteos,138,124,0
2024-07-27,Almacén Sur,Cliente H,Botanas,6,5,0
2024-07-27,Almacén Centro,Cliente L,Lácteos,15,13,0
2024-07-27,Almacén Norte,Cliente Y,Bebidas,76,56,0
2024-07-27,Almacén Norte,Cliente K,Limpieza,274,241,0
2024-07-27,Almacén Sur,Cliente A,Botanas,182,171,0
2024-07-27,Almacén Sur,Cliente Y,Botanas,51,40,0
2024-07-27,Almacén Centro,Cliente U,Limpieza,113,95,0
2024-07-27,Almacén Sur,Cliente L,Bebidas,172,152,0
2024-07-28,Almacén Sur,Cliente N,Botanas,176,164,0
2024-07-28,Almacén Norte,Cliente T,Lácteos,225,199,0
2024-07-29,Almacén Norte,Cliente B,Botanas,367,321,165
2024-07-29,Almacén Pacífico,Cliente Y,Lácteos,378,371,0
2024-07-29,Almacén Sur,Cliente U,Abarrotes,166,124,0
2024-07-29,Almacén Pacífico,Cliente K,Bebidas,336,263,0
2024-07-29,Almacén Norte,Cliente B,Limpieza,37,28,0
2024-07-29,Almacén Sur,Cliente Q,Higiene,393,358,0
2024-07-30,Almacén Centro,Cliente D,Botanas,33,28,0
2024-07-30,Almacén Pacífico,Cliente H,Limpieza,69,62,38
2024-07-30,Almacén Norte,Cliente I,Lácteos,244,224,0
2024-07-30,Almacén Pacífico,Cliente U,Abarrotes,389,361,0
2024-07-30,Almacén Centro,Cliente B,Botanas,237,200,0
2024-07-30,Almacén Norte,Cliente K,Abarrotes,228,171,0
2024-07-30,Almacén Pacífico,Cliente K,Higiene,335,331,0
2024-07-31,Almacén Sur,Cliente D,Abarrotes,293,244,0
2024-08-01,Almacén Norte,Cliente K,Bebidas,360,261,0
2024-08-01,Almacén Pacífico,Cliente L,Limpieza,381,316,0
2024-08-01,Almacén Pacífico,Cliente F,Limpieza,321,225,0
2024-08-01,Almacén Pacífico,Cliente A,Bebidas,38,34,0
2024-08-01,Almacén Pacífico,Cliente Y,Limpieza,180,130,54
2024-08-01,Almacén Centro,Cliente D,Limpieza,372,365,0
2024-08-02,Almacén Norte,Cliente U,Botanas,190,178,0
2024-08-02,Almacén Norte,Cliente A,Higiene,86,70,0
2024-08-04,Almacén Sur,Cliente T,Higiene,79,62,31
2024-08-04,Almacén Centro,Cliente K,Limpieza,292,211,0
2024-08-04,Almacén Norte,Cliente K,Bebidas,182,169,0
2024-08-04,Almacén Pacífico,Cliente P,Abarrotes,261,235,124
2024-08-04,Almacén Sur,Cliente U,Abarrotes,133,107,0
2024-08-04,Almacén Pacífico,Cliente X,Limpieza,219,155,0
2024-08-05,Almacén Sur,Cliente G,Botanas,85,84,0
2024-08-05,Almacén Centro,Cliente B,Higiene,169,124,67
2024-08-05,Almacén Pacífico,Cliente U,Lácteos,125,91,0
2024-08-05,Almacén Pacífico,Cliente G,Higiene,128,111,68
2024-08-05,Almacén Sur,Cliente X,Abarrotes,174,160,0
2024-08-05,Almacén Centro,Cliente T,Abarrotes,140,103,0
2024-08-05,Almacén Sur,Cliente F,Lácteos,136,98,0
2024-08-05,Almacén Pacífico,Cliente I,Abarrotes,201,141,0
2024-08-06,Almacén Pacífico,Cliente O,Abarrotes,121,109,0
2024-08-06,Almacén Norte,Cliente U,Abarrotes,340,240,203
2024-08-06,Almacén Pacífico,Cliente Y,Limpieza,215,154,0
2024-08-07,Almacén Sur,Cliente J,Bebidas,69,51,0
2024-08-07,Almacén Centro,Cliente L,Abarrotes,63,60,26
2024-08-07,Almacén Sur,Cliente T,Higiene,193,190,0
2024-08-07,Almacén Pacífico,Cliente P,Botanas,394,305,0
2024-08-07,Almacén Centro,Cliente K,Lácteos,211,167,0
2024-08-07,Almacén Norte,Cliente W,Bebidas,321,305,154
2024-08-08,Almacén Norte,Cliente X,Bebidas,204,145,0
2024-08-08,Almacén Sur,Cliente G,Higiene,383,275,0
2024-08-08,Almacén Pacífico,Cliente T,Bebidas,324,300,0
2024-08-08,Almacén Sur,Cliente L,Abarrotes,309,300,0
2024-08-08,Almacén Norte,Cliente Y,Higiene,199,156,0
2024-08-08,Almacén Norte,Cliente J,Higiene,152,151,0
2024-08-08,Almacén Norte,Cliente S,Limpieza,226,199,0
2024-08-08,Almacén Norte,Cliente X,Bebidas,55,45,0
2024-08-08,Almacén Pacífico,Cliente K,Lácteos,171,142,0
2024-08-09,Almacén Sur,Cliente K,Botanas,13,12,0
2024-08-09,Almacén Pacífico,Cliente I,Bebidas,254,204,0
2024-08-09,Almacén Norte,Cliente K,Limpieza,126,96,0
2024-08-09,Almacén Norte,Cliente U,Higiene,339,272,0
2024-08-09,Almacén Norte,Cliente G,Lácteos,144,132,0
2024-08-09,Almacén Centro,Cliente G,Limpieza,390,347,0
2024-08-09,Almacén Norte,Cliente N,Limpieza,397,332,0
2024-08-10,Almacén Norte,Cliente B,Botanas,20,15,0
2024-08-10,Almacén Norte,Cliente G,Higiene,143,111,19
2024-08-10,Almacén Centro,Cliente T,Abarrotes,32,25,0
2024-08-10,Almacén Norte,Cliente A,Abarrotes,241,190,0
2024-08-11,Almacén Sur,Cliente G,Bebidas,303,226,0
2024-08-11,Almacén Sur,Cliente U,Higiene,307,275,0
2024-08-11,Almacén Sur,Cliente P,Botanas,22,20,0
2024-08-11,Almacén Sur,Cliente K,Lácteos,372,290,0
2024-08-12,Almacén Pacífico,Cliente U,Higiene,350,247,113
2024-08-12,Almacén Sur,Cliente W,Higiene,193,188,0
2024-08-12,Almacén Pacífico,Cliente O,Limpieza,354,279,0
2024-08-12,Almacén Sur,Cliente N,Lácteos,188,144,0
2024-08-12,Almacén Sur,Cliente I,Higiene,375,350,0
2024-08-12,Almacén Norte,Cliente B,Lácteos,254,215,0
2024-08-13,Almacén Pacífico,Cliente W,Bebidas,105,93,0
2024-08-13,Almacén Norte,Cliente A,Higiene,314,282,0
2024-08-13,Almacén Sur,Cliente B,Higiene,93,80,0
2024-08-14,Almacén Sur,Cliente X,Bebidas,262,238,0
2024-08-14,Almacén Centro,Cliente D,Lácteos,28,23,0
2024-08-14,Almacén Pacífico,Cliente L,Bebidas,28,25,0
2024-08-14,Almacén Centro,Cliente U,Botanas,241,205,0
2024-08-14,Almacén Centro,Cliente K,Lácteos,168,159,0
2024-08-15,Almacén Sur,Cliente B,Botanas,231,206,114
2024-08-15,Almacén Norte,Cliente J,Limpieza,7,5,0
2024-08-15,Almacén Sur,Cliente K,Abarrotes,229,204,0
2024-08-15,Almacén Pacífico,Cliente X,Limpieza,301,290,0
2024-08-15,Almacén Norte,Cliente D,Lácteos,199,152,0
2024-08-15,Almacén Norte,Cliente I,Abarrotes,130,126,0
2024-08-16,Almacén Pacífico,Cliente G,Botanas,369,272,0
2024-08-16,Almacén Centro,Cliente K,Bebidas,40,34,0
2024-08-16,Almacén Centro,Cliente I,Botanas,117,98,0
2024-08-16,Almacén Pacífico,Cliente T,Bebidas,133,103,0
2024-08-16,Almacén Centro,Cliente Y,Bebidas,190,154,0
2024-08-16,Almacén Norte,Cliente I,Bebidas,98,93,0
2024-08-16,Almacén Sur,Cliente K,Abarrotes,375,280,0
2024-08-17,Almacén Pacífico,Cliente I,Higiene,107,91,0
2024-08-17,Almacén Sur,Cliente K,Limpieza,352,325,0
2024-08-17,Almacén Pacífico,Cliente K,Abarrotes,343,262,0
2024-08-17,Almacén Centro,Cliente Y,Bebidas,356,289,0
2024-08-17,Almacén Centro,Cliente K,Abarrotes,350,320,159
2024-08-17,Almacén Sur,Cliente I,Higiene,322,271,0
2024-08-17,Almacén Norte,Cliente M,Limpieza,286,257,0
2024-08-18,Almacén Pacífico,Cliente V,Higiene,373,294,0
2024-08-19,Almacén Centro,Cliente U,Higiene,209,173,0
2024-08-19,Almacén Pacífico,Cliente X,Limpieza,105,82,0
2024-08-19,Almacén Norte,Cliente A,Limpieza,310,277,0
2024-08-19,Almacén Centro,Cliente A,Limpieza,342,325,0
2024-08-20,Almacén Centro,Cliente U,Bebidas,13,10,0
2024-08-20,Almacén Pacífico,Cliente K,Lácteos,58,40,15
2024-08-20,Almacén Norte,Cliente B,Limpieza,199,186,0
2024-08-20,Almacén Sur,Cliente I,Lácteos,197,173,32
2024-08-20,Almacén Norte,Cliente I,Bebidas,129,109,67
2024-08-20,Almacén Pacífico,Cliente K,Abarrotes,391,293,0
2024-08-20,Almacén Norte,Cliente X,Abarrotes,388,347,0
2024-08-20,Almacén Norte,Cliente K,Abarrotes,248,220,0
2024-08-21,Almacén Norte,Cliente T,Higiene,172,153,17
2024-08-21,Almacén Norte,Cliente V,Botanas,249,226,0
2024-08-21,Almacén Norte,Cliente X,Botanas,99,93,0
2024-08-21,Almacén Sur,Cliente L,Abarrotes,177,154,0
2024-08-21,Almacén Pacífico,Cliente P,Higiene,9,7,0
2024-08-21,Almacén Sur,Cliente K,Abarrotes,25,17,0
2024-08-22,Almacén Pacífico,Cliente L,Lácteos,66,62,0
2024-08-22,Almacén Sur,Cliente A,Limpieza,160,115,0
2024-08-22,Almacén Norte,Cliente U,Higiene,349,332,0
2024-08-22,Almacén Centro,Cliente I,Bebidas,209,179,98
2024-08-22,Almacén Sur,Cliente K,Lácteos,296,276,0
2024-08-22,Almacén Centro,Cliente I,Botanas,288,230,0
2024-08-23,Almacén Pacífico,Cliente U,Higiene,68,52,0
2024-08-23,Almacén Norte,Cliente G,Higiene,315,249,0
2024-08-23,Almacén Sur,Cliente B,Abarrotes,93,82,0
2024-08-23,Almacén Norte,Cliente I,Lácteos,142,116,0
2024-08-23,Almacén Pacífico,Cliente J,Limpieza,133,129,0
2024-08-23,Almacén Sur,Cliente K,Limpieza,338,296,0
2024-08-23,Almacén Pacífico,Cliente L,Abarrotes,303,259,0
2024-08-24,Almacén Pacífico,Cliente A,Lácteos,324,268,0
2024-08-24,Almacén Sur,Cliente K,Abarrotes,287,221,0
2024-08-24,Almacén Centro,Cliente X,Botanas,344,282,0
2024-08-24,Almacén Centro,Cliente N,Limpieza,339,318,0
2024-08-24,Almacén Pacífico,Cliente K,Higiene,214,178,0
2024-08-25,Almacén Centro,Cliente A,Limpieza,369,260,0
2024-08-25,Almacén Norte,Cliente B,Botanas,88,65,0
2024-08-25,Almacén Pacífico,Cliente K,Bebidas,166,129,0
2024-08-25,Almacén Centro,Cliente W,Abarrotes,298,286,0
2024-08-25,Almacén Pacífico,Cliente K,Botanas,224,210,0
2024-08-25,Almacén Pacífico,Cliente D,Abarrotes,64,56,0
2024-08-26,Almacén Sur,Cliente K,Higiene,205,154,0
2024-08-26,Almacén Centro,Cliente N,Limpieza,159,119,0
2024-08-26,Almacén Norte,Cliente Y,Bebidas,327,268,0
2024-08-26,Almacén Centro,Cliente P,Abarrotes,164,126,0
2024-08-26,Almacén Sur,Cliente Y,Bebidas,152,129,0
2024-08-26,Almacén Norte,Cliente B,Higiene,299,278,0
2024-08-26,Almacén Centro,Cliente U,Bebidas,350,303,0
2024-08-26,Almacén Centro,Cliente D,Limpieza,324,282,0
2024-08-26,Almacén Centro,Cliente K,Abarrotes,263,253,0
2024-08-26,Almacén Centro,Cliente D,Abarrotes,223,160,0
2024-08-26,Almacén Pacífico,Cliente A,Abarrotes,7,6,0
2024-08-27,Almacén Pacífico,Cliente K,Bebidas,308,245,175
2024-08-27,Almacén Centro,Cliente L,Lácteos,384,367,0
2024-08-27,Almacén Centro,Cliente P,Abarrotes,393,303,0
2024-08-27,Almacén Norte,Cliente A,Higiene,177,131,41
2024-08-27,Almacén Sur,Cliente L,Limpieza,160,118,0
2024-08-28,Almacén Sur,Cliente H,Bebidas,369,274,0
2024-08-28,Almacén Centro,Cliente L,Botanas,244,206,0
2024-08-28,Almacén Centro,Cliente D,Lácteos,252,192,0
2024-08-28,Almacén Pacífico,Cliente X,Abarrotes,336,242,0
2024-08-28,Almacén Sur,Cliente K,Lácteos,36,33,0
2024-08-28,Almacén Pacífico,Cliente H,Limpieza,55,45,0
2024-08-29,Almacén Norte,Cliente K,Bebidas,360,331,0
2024-08-29,Almacén Centro,Cliente Y,Limpieza,289,267,0
2024-08-29,Almacén Sur,Cliente N,Botanas,22,21,0
2024-08-29,Almacén Norte,Cliente K,Bebidas,87,76,41
2024-08-29,Almacén Pacífico,Cliente J,Limpieza,80,79,0
2024-08-30,Almacén Sur,Cliente D,Lácteos,71,58,0
2024-08-30,Almacén Pacífico,Cliente B,Limpieza,194,193,0
2024-08-30,Almacén Norte,Cliente W,Higiene,275,239,0
2024-08-30,Almacén Sur,Cliente X,Abarrotes,221,175,0
2024-08-30,Almacén Centro,Cliente O,Abarrotes,388,321,0
2024-08-30,Almacén Centro,Cliente L,Limpieza,315,284,0
2024-08-30,Almacén Norte,Cliente G,Limpieza,123,96,15
2024-08-30,Almacén Pacífico,Cliente B,Abarrotes,135,122,0
2024-08-31,Almacén Pacífico,Cliente G,Higiene,311,283,0
2024-08-31,Almacén Sur,Cliente B,Bebidas,347,267,0
2024-08-31,Almacén Centro,Cliente K,Limpieza,207,188,0
2024-08-31,Almacén Norte,Cliente D,Botanas,244,227,0
2024-08-31,Almacén Centro,Cliente N,Botanas,321,276,0
2024-08-31,Almacén Centro,Cliente A,Lácteos,317,309,0
2024-08-31,Almacén Centro,Cliente S,Limpieza,382,328,0
2024-08-31,Almacén Sur,Cliente U,Abarrotes,51,39,0
2024-08-31,Almacén Centro,Cliente B,Bebidas,210,168,0
2024-08-31,Almacén Sur,Cliente B,Limpieza,40,33,0
2024-09-01,Almacén Centro,Cliente S,Bebidas,345,279,106
2024-09-01,Almacén Centro,Cliente U,Lácteos,71,64,0
2024-09-01,Almacén Sur,Cliente U,Botanas,77,69,17
2024-09-01,Almacén Centro,Cliente U,Botanas,210,189,0
2024-09-02,Almacén Pacífico,Cliente I,Lácteos,331,286,0
2024-09-02,Almacén Pacífico,Cliente L,Botanas,184,182,0
2024-09-02,Almacén Sur,Cliente X,Abarrotes,77,59,0
2024-09-02,Almacén Sur,Cliente I,Abarrotes,216,203,0
2024-09-02,Almacén Sur,Cliente I,Bebidas,381,314,0
2024-09-02,Almacén Sur,Cliente R,Bebidas,285,206,0
2024-09-03,Almacén Sur,Cliente U,Limpieza,272,243,96
2024-09-03,Almacén Norte,Cliente X,Limpieza,385,381,0
2024-09-03,Almacén Pacífico,Cliente K,Higiene,27,23,0
2024-09-03,Almacén Centro,Cliente T,Lácteos,277,222,0
2024-09-03,Almacén Pacífico,Cliente K,Bebidas,294,227,0
2024-09-04,Almacén Sur,Cliente B,Botanas,176,165,22
2024-09-04,Almacén Norte,Cliente B,Abarrotes,211,195,0
2024-09-04,Almacén Pacífico,Cliente K,Limpieza,371,324,0
2024-09-04,Almacén Centro,Cliente A,Limpieza,318,289,0
2024-09-04,Almacén Pacífico,Cliente J,Limpieza,312,272,0
2024-09-05,Almacén Norte,Cliente U,Bebidas,384,269,176
2024-09-05,Almacén Sur,Cliente U,Botanas,326,263,0
2024-09-05,Almacén Pacífico,Cliente I,Bebidas,17,13,0
2024-09-05,Almacén Sur,Cliente X,Botanas,176,145,0
2024-09-06,Almacén Pacífico,Cliente K,Limpieza,223,216,0
2024-09-06,Almacén Sur,Cliente U,Bebidas,38,31,0
2024-09-06,Almacén Sur,Cliente A,Bebidas,314,279,0
2024-09-06,Almacén Norte,Cliente K,Limpieza,388,363,0
2024-09-06,Almacén Sur,Cliente K,Botanas,137,132,0
2024-09-07,Almacén Sur,Cliente Q,Abarrotes,111,106,0
2024-09-07,Almacén Pacífico,Cliente L,Higiene,305,288,101
2024-09-07,Almacén Sur,Cliente K,Limpieza,343,312,0
2024-09-07,Almacén Centro,Cliente T,Botanas,122,119,0
2024-09-07,Almacén Pacífico,Cliente K,Abarrotes,380,350,0
2024-09-07,Almacén Sur,Cliente O,Lácteos,212,182,47
2024-09-08,Almacén Centro,Cliente K,Bebidas,314,229,0
2024-09-08,Almacén Sur,Cliente N,Higiene,13,11,0
2024-09-08,Almacén Pacífico,Cliente D,Abarrotes,124,100,0
2024-09-08,Almacén Centro,Cliente X,Bebidas,24,19,0
2024-09-08,Almacén Centro,Cliente P,Limpieza,229,169,0
2024-09-09,Almacén Centro,Cliente U,Bebidas,194,171,0
2024-09-09,Almacén Norte,Cliente U,Higiene,354,289,0
2024-09-09,Almacén Pacífico,Cliente X,Lácteos,304,299,158
2024-09-09,Almacén Pacífico,Cliente U,Bebidas,184,135,0
2024-09-09,Almacén Sur,Cliente B,Botanas,177,154,0
2024-09-09,Almacén Norte,Cliente N,Botanas,288,207,0
2024-09-09,Almacén Sur,Cliente I,Higiene,189,173,0
2024-09-10,Almacén Pacífico,Cliente K,Lácteos,98,97,0
2024-09-10,Almacén Centro,Cliente K,Bebidas,182,138,0
2024-09-10,Almacén Sur,Cliente N,Higiene,29,25,0
2024-09-10,Almacén Norte,Cliente I,Botanas,231,225,0
2024-09-10,Almacén Norte,Cliente A,Lácteos,95,94,0
2024-09-10,Almacén Sur,Cliente K,Abarrotes,88,77,0
2024-09-10,Almacén Norte,Cliente A,Limpieza,52,43,0
2024-09-11,Almacén Norte,Cliente K,Limpieza,267,210,0
2024-09-11,Almacén Pacífico,Cliente U,Abarrotes,160,117,0
2024-09-11,Almacén Centro,Cliente Y,Lácteos,220,180,0
2024-09-11,Almacén Centro,Cliente U,Lácteos,297,287,0
2024-09-11,Almacén Centro,Cliente X,Limpieza,383,333,0
2024-09-11,Almacén Pacífico,Cliente K,Higiene,113,104,0
2024-09-12,Almacén Norte,Cliente U,Limpieza,6,4,0
2024-09-12,Almacén Norte,Cliente N,Lácteos,118,104,0
2024-09-12,Almacén Sur,Cliente K,Lácteos,238,229,0
2024-09-12,Almacén Norte,Cliente K,Bebidas,321,317,0
2024-09-12,Almacén Centro,Cliente X,Abarrotes,91,86,0
2024-09-12,Almacén Centro,Cliente K,Abarrotes,96,90,0
2024-09-12,Almacén Pacífico,Cliente Y,Limpieza,74,70,0
2024-09-12,Almacén Centro,Cliente A,Abarrotes,53,43,0
2024-09-12,Almacén Norte,Cliente L,Bebidas,154,119,0
2024-09-12,Almacén Norte,Cliente J,Higiene,220,174,0
2024-09-13,Almacén Pacífico,Cliente A,Bebidas,15,11,0
2024-09-13,Almacén Sur,Cliente A,Lácteos,359,350,0
2024-09-13,Almacén Norte,Cliente K,Limpieza,142,118,22
2024-09-14,Almacén Pacífico,Cliente F,Higiene,23,22,0
2024-09-14,Almacén Sur,Cliente Y,Bebidas,255,233,0
2024-09-14,Almacén Centro,Cliente L,Limpieza,69,61,0
2024-09-15,Almacén Norte,Cliente H,Bebidas,384,287,0
2024-09-15,Almacén Pacífico,Cliente X,Limpieza,5,4,0
2024-09-15,Almacén Pacífico,Cliente K,Botanas,301,300,0
2024-09-15,Almacén Centro,Cliente J,Limpieza,321,261,0
2024-09-15,Almacén Centro,Cliente W,Higiene,204,187,0
2024-09-15,Almacén Norte,Cliente I,Limpieza,101,78,0
2024-09-16,Almacén Centro,Cliente U,Botanas,182,172,0
2024-09-16,Almacén Pacífico,Cliente I,Limpieza,190,149,0
2024-09-16,Almacén Sur,Cliente I,Limpieza,112,91,0
2024-09-16,Almacén Pacífico,Cliente K,Higiene,317,280,0
2024-09-16,Almacén Centro,Cliente K,Lácteos,266,204,0
2024-09-17,Almacén Sur,Cliente L,Bebidas,262,231,0
2024-09-17,Almacén Norte,Cliente B,Lácteos,93,74,0
2024-09-17,Almacén Pacífico,Cliente L,Higiene,200,173,0
2024-09-18,Almacén Centro,Cliente N,Lácteos,7,6,0
2024-09-18,Almacén Centro,Cliente I,Abarrotes,382,346,0
2024-09-18,Almacén Pacífico,Cliente Y,Abarrotes,125,117,0
2024-09-18,Almacén Sur,Cliente U,Abarrotes,378,364,0
2024-09-18,Almacén Norte,Cliente L,Limpieza,136,104,0
2024-09-18,Almacén Pacífico,Cliente W,Lácteos,347,301,0
2024-09-19,Almacén Sur,Cliente D,Limpieza,301,274,0
2024-09-19,Almacén Pacífico,Cliente A,Higiene,46,40,0
2024-09-19,Almacén Sur,Cliente J,Botanas,262,191,0
2024-09-19,Almacén Centro,Cliente I,Botanas,212,174,24
2024-09-19,Almacén Pacífico,Cliente P,Bebidas,108,101,0
2024-09-20,Almacén Sur,Cliente X,Limpieza,222,192,0
2024-09-20,Almacén Pacífico,Cliente G,Abarrotes,185,159,0
2024-09-20,Almacén Centro,Cliente U,Higiene,273,207,0
2024-09-20,Almacén Sur,Cliente L,Botanas,169,122,0
2024-09-20,Almacén Pacífico,Cliente L,Bebidas,358,269,0
2024-09-21,Almacén Sur,Cliente K,Botanas,69,52,0
2024-09-21,Almacén Centro,Cliente N,Bebidas,297,242,0
2024-09-21,Almacén Norte,Cliente K,Bebidas,188,146,0
2024-09-21,Almacén Pacífico,Cliente L,Lácteos,389,361,72
2024-09-22,Almacén Centro,Cliente K,Bebidas,79,65,32
2024-09-22,Almacén Norte,Cliente D,Bebidas,46,37,0
2024-09-22,Almacén Sur,Cliente K,Abarrotes,131,107,0
2024-09-22,Almacén Centro,Cliente A,Botanas,192,171,75
2024-09-22,Almacén Norte,Cliente R,Abarrotes,193,159,0
2024-09-23,Almacén Norte,Cliente N,Lácteos,72,62,0
2024-09-23,Almacén Pacífico,Cliente K,Lácteos,181,127,0
2024-09-23,Almacén Sur,Cliente A,Bebidas,191,178,0
2024-09-23,Almacén Centro,Cliente G,Limpieza,292,238,124
2024-09-23,Almacén Norte,Cliente X,Bebidas,233,195,0
2024-09-23,Almacén Pacífico,Cliente H,Higiene,321,316,0
2024-09-23,Almacén Centro,Cliente K,Limpieza,40,34,0
2024-09-23,Almacén Sur,Cliente B,Abarrotes,147,127,0
2024-09-23,Almacén Centro,Cliente Y,Bebidas,100,86,0
2024-09-24,Almacén Norte,Cliente L,Botanas,135,101,0
2024-09-24,Almacén Pacífico,Cliente K,Lácteos,101,90,11
2024-09-24,Almacén Norte,Cliente X,Abarrotes,339,254,0
2024-09-24,Almacén Norte,Cliente I,Bebidas,151,111,69
2024-09-24,Almacén Centro,Cliente V,Higiene,256,195,67
2024-09-24,Almacén Norte,Cliente P,Lácteos,71,53,0
2024-09-25,Almacén Pacífico,Cliente K,Higiene,329,236,0
2024-09-25,Almacén Centro,Cliente W,Limpieza,329,287,0
2024-09-25,Almacén Sur,Cliente D,Limpieza,172,171,0
2024-09-25,Almacén Sur,Cliente K,Higiene,296,218,123
2024-09-26,Almacén Norte,Cliente F,Lácteos,355,282,0
2024-09-26,Almacén Sur,Cliente L,Botanas,210,165,0
2024-09-26,Almacén Norte,Cliente L,Lácteos,393,348,41
2024-09-26,Almacén Sur,Cliente K,Lácteos,151,120,0
2024-09-27,Almacén Norte,Cliente Y,Botanas,222,165,0
2024-09-27,Almacén Sur,Cliente D,Lácteos,386,377,0
2024-09-28,Almacén Centro,Cliente K,Limpieza,175,125,59
2024-09-28,Almacén Sur,Cliente B,Higiene,45,37,0
2024-09-28,Almacén Centro,Cliente L,Abarrotes,299,218,0
2024-09-28,Almacén Pacífico,Cliente A,Lácteos,60,45,0
2024-09-29,Almacén Pacífico,Cliente D,Abarrotes,235,185,0
2024-09-29,Almacén Pacífico,Cliente S,Botanas,195,143,0
2024-09-29,Almacén Centro,Cliente G,Higiene,319,312,0
2024-09-29,Almacén Centro,Cliente I,Abarrotes,107,106,0
2024-09-30,Almacén Centro,Cliente K,Abarrotes,300,245,88
2024-09-30,Almacén Norte,Cliente T,Botanas,60,44,0
2024-09-30,Almacén Centro,Cliente L,Lácteos,288,283,0
2024-10-01,Almacén Pacífico,Cliente X,Limpieza,322,275,0
2024-10-01,Almacén Pacífico,Cliente X,Bebidas,70,55,0
2024-10-01,Almacén Centro,Cliente X,Botanas,289,219,0
2024-10-01,Almacén Pacífico,Cliente K,Lácteos,352,257,0
2024-10-01,Almacén Norte,Cliente K,Lácteos,339,323,0
2024-10-01,Almacén Sur,Cliente U,Botanas,229,227,124
2024-10-01,Almacén Pacífico,Cliente U,Abarrotes,368,302,0
2024-10-02,Almacén Norte,Cliente K,Higiene,178,157,0
2024-10-02,Almacén Centro,Cliente A,Bebidas,140,115,0
2024-10-02,Almacén Pacífico,Cliente Y,Botanas,286,263,0
2024-10-02,Almacén Norte,Cliente G,Botanas,167,154,35
2024-10-03,Almacén Sur,Cliente N,Limpieza,254,244,0
2024-10-03,Almacén Pacífico,Cliente A,Bebidas,47,42,0
2024-10-04,Almacén Norte,Cliente J,Botanas,208,184,0
2024-10-04,Almacén Centro,Cliente D,Lácteos,253,193,0
2024-10-04,Almacén Sur,Cliente S,Higiene,12,11,0
2024-10-04,Almacén Pacífico,Cliente I,Abarrotes,272,228,0
2024-10-04,Almacén Sur,Cliente K,Limpieza,121,92,0
2024-10-04,Almacén Norte,Cliente B,Bebidas,31,26,0
2024-10-04,Almacén Centro,Cliente K,Abarrotes,86,79,0
2024-10-05,Almacén Pacífico,Cliente Y,Abarrotes,390,316,100
2024-10-05,Almacén Centro,Cliente X,Bebidas,307,298,0
2024-10-05,Almacén Centro,Cliente K,Botanas,106,84,0
2024-10-06,Almacén Norte,Cliente Y,Botanas,200,147,73
2024-10-06,Almacén Pacífico,Cliente K,Botanas,248,187,0
2024-10-07,Almacén Sur,Cliente X,Bebidas,129,107,0
2024-10-07,Almacén Pacífico,Cliente T,Botanas,43,37,0
2024-10-07,Almacén Sur,Cliente D,Botanas,204,200,0
2024-10-07,Almacén Sur,Cliente S,Lácteos,178,155,0
2024-10-08,Almacén Pacífico,Cliente B,Lácteos,88,68,18
2024-10-08,Almacén Norte,Cliente K,Higiene,147,105,24
2024-10-08,Almacén Sur,Cliente W,Botanas,92,70,0
2024-10-08,Almacén Pacífico,Cliente D,Higiene,29,23,0
2024-10-08,Almacén Norte,Cliente B,Lácteos,345,286,0
2024-10-09,Almacén Sur,Cliente L,Lácteos,83,79,0
2024-10-09,Almacén Pacífico,Cliente I,Botanas,186,133,0
2024-10-09,Almacén Pacífico,Cliente X,Higiene,293,223,129
2024-10-09,Almacén Norte,Cliente S,Higiene,239,188,0
2024-10-09,Almacén Norte,Cliente H,Bebidas,52,38,0
2024-10-10,Almacén Norte,Cliente U,Higiene,319,230,0
2024-10-10,Almacén Sur,Cliente Y,Bebidas,76,53,20
2024-10-10,Almacén Centro,Cliente A,Limpieza,377,356,0
2024-10-11,Almacén Sur,Cliente I,Limpieza,364,354,0
2024-10-11,Almacén Sur,Cliente K,Lácteos,137,127,0
2024-10-11,Almacén Norte,Cliente L,Lácteos,235,223,0
2024-10-11,Almacén Sur,Cliente B,Abarrotes,7,6,0
2024-10-11,Almacén Pacífico,Cliente K,Botanas,150,136,0
2024-10-11,Almacén Sur,Cliente L,Lácteos,164,120,0
2024-10-12,Almacén Norte,Cliente K,Abarrotes,353,304,0
2024-10-12,Almacén Norte,Cliente V,Abarrotes,178,148,0
2024-10-13,Almacén Norte,Cliente K,Higiene,127,121,0
2024-10-13,Almacén Norte,Cliente L,Lácteos,14,11,0
2024-10-14,Almacén Centro,Cliente I,Abarrotes,151,147,0
2024-10-14,Almacén Centro,Cliente S,Higiene,29,23,0
2024-10-14,Almacén Sur,Cliente X,Lácteos,342,262,0
2024-10-14,Almacén Centro,Cliente L,Lácteos,255,191,0
2024-10-14,Almacén Pacífico,Cliente J,Bebidas,159,141,0
2024-10-14,Almacén Sur,Cliente K,Higiene,17,15,0
2024-10-15,Almacén Norte,Cliente U,Botanas,326,243,0
2024-10-15,Almacén Sur,Cliente A,Botanas,63,59,15
2024-10-15,Almacén Sur,Cliente U,Bebidas,213,158,0
2024-10-15,Almacén Centro,Cliente B,Limpieza,116,104,0
2024-10-15,Almacén Centro,Cliente U,Limpieza,189,145,0
2024-10-15,Almacén Norte,Cliente V,Abarrotes,287,284,0
2024-10-16,Almacén Centro,Cliente I,Bebidas,228,169,0
2024-10-16,Almacén Sur,Cliente I,Lácteos,78,64,30
2024-10-16,Almacén Centro,Cliente K,Botanas,265,230,0
2024-10-17,Almacén Norte,Cliente B,Lácteos,27,20,0
2024-10-18,Almacén Pacífico,Cliente L,Botanas,274,268,0
2024-10-18,Almacén Norte,Cliente K,Botanas,97,69,0
2024-10-18,Almacén Centro,Cliente T,Lácteos,240,189,0
2024-10-19,Almacén Pacífico,Cliente K,Abarrotes,14,11,0
2024-10-19,Almacén Sur,Cliente J,Limpieza,160,121,0
2024-10-19,Almacén Sur,Cliente D,Botanas,339,239,139
2024-10-19,Almacén Norte,Cliente U,Higiene,38,29,0
2024-10-19,Almacén Centro,Cliente Y,Bebidas,321,245,0
2024-10-19,Almacén Norte,Cliente K,Bebidas,218,182,0
2024-10-20,Almacén Norte,Cliente J,Bebidas,107,79,0
2024-10-20,Almacén Centro,Cliente I,Bebidas,79,60,0
2024-10-20,Almacén Pacífico,Cliente L,Higiene,151,133,0
2024-10-21,Almacén Norte,Cliente A,Botanas,384,337,0
2024-10-21,Almacén Pacífico,Cliente U,Bebidas,219,175,111
2024-10-21,Almacén Pacífico,Cliente B,Higiene,393,334,0
2024-10-21,Almacén Centro,Cliente G,Bebidas,47,37,0
2024-10-21,Almacén Sur,Cliente B,Botanas,114,95,0
2024-10-21,Almacén Centro,Cliente X,Bebidas,273,227,0
2024-10-21,Almacén Pacífico,Cliente G,Bebidas,46,32,14
2024-10-21,Almacén Sur,Cliente U,Bebidas,366,340,0
2024-10-21,Almacén Norte,Cliente X,Botanas,74,56,0
2024-10-21,Almacén Pacífico,Cliente P,Bebidas,116,83,0
2024-10-22,Almacén Centro,Cliente X,Lácteos,181,143,0
2024-10-22,Almacén Sur,Cliente F,Lácteos,93,84,0
2024-10-22,Almacén Norte,Cliente B,Bebidas,88,77,0
2024-10-22,Almacén Sur,Cliente V,Bebidas,7,5,0
2024-10-22,Almacén Sur,Cliente G,Abarrotes,229,176,0
2024-10-23,Almacén Centro,Cliente J,Botanas,193,159,0
2024-10-23,Almacén Sur,Cliente L,Bebidas,289,283,0
2024-10-23,Almacén Sur,Cliente U,Bebidas,311,245,0
2024-10-23,Almacén Sur,Cliente I,Higiene,74,61,0
2024-10-23,Almacén Sur,Cliente K,Abarrotes,53,37,0
2024-10-24,Almacén Norte,Cliente V,Abarrotes,209,152,0
2024-10-24,Almacén Centro,Cliente J,Bebidas,41,36,0
2024-10-24,Almacén Pacífico,Cliente B,Botanas,138,131,0
2024-10-24,Almacén Norte,Cliente K,Higiene,396,361,0
2024-10-24,Almacén Sur,Cliente B,Bebidas,218,171,0
2024-10-24,Almacén Centro,Cliente D,Lácteos,380,330,0
2024-10-24,Almacén Pacífico,Cliente K,Higiene,391,353,0
2024-10-24,Almacén Centro,Cliente J,Limpieza,351,325,0
2024-10-25,Almacén Norte,Cliente B,Higiene,56,46,0
2024-10-25,Almacén Centro,Cliente I,Abarrotes,329,247,0
2024-10-25,Almacén Centro,Cliente K,Higiene,50,45,0
2024-10-25,Almacén Centro,Cliente K,Botanas,129,91,0
2024-10-26,Almacén Pacífico,Cliente I,Higiene,43,37,20
2024-10-26,Almacén Sur,Cliente O,Lácteos,184,155,0
2024-10-26,Almacén Norte,Cliente D,Bebidas,167,137,0
2024-10-27,Almacén Sur,Cliente U,Botanas,163,138,0
2024-10-27,Almacén Sur,Cliente W,Bebidas,231,217,0
2024-10-27,Almacén Norte,Cliente W,Abarrotes,270,247,0
2024-10-27,Almacén Pacífico,Cliente A,Limpieza,256,202,0
2024-10-27,Almacén Pacífico,Cliente D,Limpieza,63,45,0
2024-10-27,Almacén Centro,Cliente J,Botanas,28,23,0
2024-10-28,Almacén Sur,Cliente U,Higiene,376,268,181
2024-10-28,Almacén Norte,Cliente K,Bebidas,290,251,0
2024-10-28,Almacén Centro,Cliente X,Abarrotes,83,73,24
2024-10-29,Almacén Pacífico,Cliente K,Abarrotes,31,27,0
2024-10-29,Almacén Sur,Cliente R,Bebidas,16,14,0
2024-10-29,Almacén Norte,Cliente N,Lácteos,295,271,0
2024-10-29,Almacén Norte,Cliente W,Higiene,313,272,0
2024-10-29,Almacén Centro,Cliente X,Higiene,319,316,0
2024-10-29,Almacén Centro,Cliente I,Limpieza,156,123,0
2024-10-30,Almacén Sur,Cliente H,Lácteos,147,118,0
2024-10-30,Almacén Sur,Cliente U,Higiene,20,15,0
2024-10-30,Almacén Norte,Cliente X,Limpieza,302,222,0
2024-10-30,Almacén Pacífico,Cliente K,Lácteos,247,218,0
2024-10-30,Almacén Centro,Cliente I,Botanas,25,22,0
2024-10-30,Almacén Pacífico,Cliente W,Bebidas,29,27,0
2024-10-31,Almacén Norte,Cliente A,Abarrotes,151,143,0
2024-10-31,Almacén Centro,Cliente X,Lácteos,224,215,0
2024-10-31,Almacén Centro,Cliente A,Higiene,168,126,0
2024-10-31,Almacén Centro,Cliente A,Bebidas,378,320,0
2024-10-31,Almacén Sur,Cliente V,Bebidas,331,266,0
2024-11-01,Almacén Sur,Cliente B,Bebidas,335,269,0
2024-11-01,Almacén Centro,Cliente U,Lácteos,255,241,0
2024-11-01,Almacén Norte,Cliente B,Bebidas,191,149,0
2024-11-01,Almacén Sur,Cliente K,Limpieza,289,225,0
2024-11-01,Almacén Pacífico,Cliente W,Bebidas,354,314,0
2024-11-01,Almacén Sur,Cliente K,Bebidas,41,39,0
2024-11-01,Almacén Sur,Cliente B,Limpieza,89,70,20
2024-11-02,Almacén Centro,Cliente K,Botanas,205,155,0
2024-11-02,Almacén Centro,Cliente K,Bebidas,104,87,0
2024-11-03,Almacén Norte,Cliente V,Bebidas,396,385,0
2024-11-03,Almacén Pacífico,Cliente G,Higiene,53,46,0
2024-11-03,Almacén Pacífico,Cliente N,Limpieza,282,211,0
2024-11-03,Almacén Centro,Cliente B,Bebidas,23,17,0
2024-11-04,Almacén Pacífico,Cliente S,Higiene,110,94,0
2024-11-04,Almacén Norte,Cliente A,Botanas,49,46,16
2024-11-04,Almacén Pacífico,Cliente B,Limpieza,187,147,0
2024-11-04,Almacén Sur,Cliente P,Abarrotes,366,259,0
2024-11-04,Almacén Norte,Cliente K,Limpieza,303,236,0
2024-11-04,Almacén Centro,Cliente G,Bebidas,374,323,0
2024-11-04,Almacén Pacífico,Cliente K,Lácteos,76,58,0
2024-11-05,Almacén Centro,Cliente H,Botanas,147,120,0
2024-11-05,Almacén Sur,Cliente D,Abarrotes,114,107,63
2024-11-05,Almacén Norte,Cliente H,Higiene,132,125,0
2024-11-05,Almacén Centro,Cliente X,Bebidas,118,102,19
2024-11-05,Almacén Norte,Cliente K,Lácteos,48,47,0
2024-11-05,Almacén Centro,Cliente N,Botanas,293,278,0
2024-11-05,Almacén Centro,Cliente K,Botanas,246,179,145
2024-11-05,Almacén Sur,Cliente B,Abarrotes,172,161,0
2024-11-05,Almacén Centro,Cliente N,Limpieza,57,43,0
2024-11-06,Almacén Sur,Cliente K,Bebidas,124,113,0
2024-11-06,Almacén Centro,Cliente W,Bebidas,338,309,42
2024-11-06,Almacén Sur,Cliente A,Abarrotes,222,176,0
2024-11-06,Almacén Sur,Cliente B,Bebidas,353,270,103
2024-11-06,Almacén Pacífico,Cliente K,Lácteos,362,292,0
2024-11-06,Almacén Centro,Cliente K,Higiene,151,127,0
2024-11-07,Almacén Norte,Cliente T,Abarrotes,29,24,0
2024-11-07,Almacén Centro,Cliente U,Abarrotes,256,214,0
2024-11-07,Almacén Norte,Cliente L,Bebidas,219,181,0
2024-11-07,Almacén Pacífico,Cliente K,Lácteos,44,33,0
2024-11-08,Almacén Norte,Cliente B,Higiene,341,301,0
2024-11-08,Almacén Pacífico,Cliente U,Limpieza,230,171,0
2024-11-08,Almacén Norte,Cliente P,Botanas,18,13,0
2024-11-08,Almacén Centro,Cliente N,Botanas,296,271,0
2024-11-08,Almacén Pacífico,Cliente D,Lácteos,281,279,0
2024-11-08,Almacén Pacífico,Cliente B,Higiene,357,283,0
2024-11-08,Almacén Norte,Cliente K,Limpieza,374,326,0
2024-11-08,Almacén Norte,Cliente I,Bebidas,123,97,0
2024-11-08,Almacén Norte,Cliente N,Higiene,225,209,0
2024-11-08,Almacén Centro,Cliente P,Abarrotes,180,179,0
2024-11-08,Almacén Sur,Cliente K,Limpieza,215,165,0
2024-11-08,Almacén Pacífico,Cliente B,Bebidas,27,24,0
2024-11-08,Almacén Norte,Cliente U,Abarrotes,59,50,0
2024-11-09,Almacén Norte,Cliente D,Lácteos,312,289,0
2024-11-09,Almacén Norte,Cliente K,Higiene,139,119,0
2024-11-09,Almacén Norte,Cliente K,Limpieza,42,37,0
2024-11-09,Almacén Centro,Cliente K,Lácteos,58,45,0
2024-11-09,Almacén Norte,Cliente T,Abarrotes,220,155,109
2024-11-09,Almacén Pacífico,Cliente B,Lácteos,65,54,0
2024-11-09,Almacén Norte,Cliente J,Limpieza,81,79,0
2024-11-09,Almacén Centro,Cliente I,Abarrotes,139,136,0
2024-11-09,Almacén Norte,Cliente K,Botanas,146,116,0
2024-11-10,Almacén Pacífico,Cliente Y,Lácteos,392,349,0
2024-11-10,Almacén Norte,Cliente Y,Botanas,382,288,0
2024-11-10,Almacén Sur,Cliente V,Lácteos,73,54,0
2024-11-10,Almacén Pacífico,Cliente K,Botanas,64,46,0
2024-11-10,Almacén Pacífico,Cliente I,Lácteos,102,91,0
2024-11-11,Almacén Centro,Cliente K,Lácteos,176,133,0
2024-11-11,Almacén Centro,Cliente P,Botanas,21,19,0
2024-11-11,Almacén Pacífico,Cliente D,Lácteos,51,35,0
2024-11-11,Almacén Centro,Cliente T,Higiene,140,114,0
2024-11-11,Almacén Centro,Cliente U,Abarrotes,321,283,0
2024-11-11,Almacén Pacífico,Cliente K,Bebidas,322,274,0
2024-11-11,Almacén Sur,Cliente K,Botanas,101,87,0
2024-11-11,Almacén Sur,Cliente D,Botanas,291,219,0
2024-11-12,Almacén Norte,Cliente K,Lácteos,208,197,0
2024-11-12,Almacén Norte,Cliente P,Botanas,363,260,0
2024-11-12,Almacén Norte,Cliente B,Bebidas,389,306,0
2024-11-12,Almacén Norte,Cliente J,Bebidas,8,5,0
2024-11-12,Almacén Pacífico,Cliente U,Lácteos,63,46,0
2024-11-12,Almacén Norte,Cliente G,Lácteos,226,196,0
2024-11-13,Almacén Norte,Cliente J,Botanas,365,268,0
2024-11-13,Almacén Pacífico,Cliente T,Abarrotes,140,111,0
2024-11-13,Almacén Pacífico,Cliente I,Lácteos,197,155,0
2024-11-13,Almacén Pacífico,Cliente K,Limpieza,381,333,0
2024-11-13,Almacén Sur,Cliente X,Limpieza,186,174,0
2024-11-14,Almacén Centro,Cliente U,Bebidas,129,123,0
2024-11-14,Almacén Pacífico,Cliente U,Limpieza,133,97,0
2024-11-14,Almacén Pacífico,Cliente B,Botanas,270,231,0
2024-11-14,Almacén Centro,Cliente K,Botanas,255,239,0
2024-11-15,Almacén Norte,Cliente U,Abarrotes,184,142,99
2024-11-15,Almacén Sur,Cliente C,Bebidas,277,223,0
2024-11-15,Almacén Pacífico,Cliente K,Lácteos,102,87,0
2024-11-15,Almacén Pacífico,Cliente I,Abarrotes,65,61,0
2024-11-15,Almacén Pacífico,Cliente A,Limpieza,42,34,0
2024-11-15,Almacén Norte,Cliente K,Botanas,286,233,0
2024-11-16,Almacén Sur,Cliente P,Botanas,84,79,0
2024-11-16,Almacén Norte,Cliente X,Limpieza,370,331,0
2024-11-17,Almacén Pacífico,Cliente G,Bebidas,118,107,0
2024-11-17,Almacén Pacífico,Cliente Y,Limpieza,350,258,0
2024-11-17,Almacén Pacífico,Cliente K,Higiene,398,328,0
2024-11-17,Almacén Norte,Cliente N,Botanas,274,271,0
2024-11-17,Almacén Sur,Cliente W,Abarrotes,333,299,0
2024-11-17,Almacén Centro,Cliente K,Botanas,346,340,0
2024-11-17,Almacén Pacífico,Cliente U,Higiene,146,117,0
2024-11-18,Almacén Pacífico,Cliente T,Limpieza,101,96,0
2024-11-18,Almacén Norte,Cliente Y,Higiene,321,278,0
2024-11-18,Almacén Norte,Cliente B,Botanas,13,10,0
2024-11-18,Almacén Sur,Cliente H,Lácteos,252,197,0
2024-11-18,Almacén Pacífico,Cliente D,Abarrotes,235,200,70
2024-11-18,Almacén Pacífico,Cliente T,Limpieza,111,104,0
2024-11-18,Almacén Pacífico,Cliente B,Botanas,297,267,62
2024-11-18,Almacén Centro,Cliente X,Higiene,187,144,0
2024-11-19,Almacén Norte,Cliente K,Abarrotes,19,15,0
2024-11-19,Almacén Sur,Cliente P,Botanas,8,5,0
2024-11-20,Almacén Norte,Cliente G,Bebidas,25,17,0
2024-11-20,Almacén Centro,Cliente K,Limpieza,296,279,0
2024-11-20,Almacén Sur,Cliente X,Higiene,265,221,0
2024-11-21,Almacén Norte,Cliente K,Bebidas,322,318,57
2024-11-21,Almacén Centro,Cliente N,Lácteos,237,229,0
2024-11-21,Almacén Norte,Cliente K,Higiene,358,292,0
2024-11-21,Almacén Centro,Cliente H,Higiene,11,10,3
2024-11-22,Almacén Centro,Cliente K,Limpieza,210,160,0
2024-11-23,Almacén Pacífico,Cliente K,Lácteos,378,315,0
2024-11-23,Almacén Pacífico,Cliente T,Bebidas,188,162,0
2024-11-24,Almacén Pacífico,Cliente K,Botanas,173,153,0
2024-11-24,Almacén Norte,Cliente U,Limpieza,329,321,67
2024-11-24,Almacén Norte,Cliente K,Abarrotes,74,61,34
2024-11-24,Almacén Pacífico,Cliente N,Botanas,22,20,2
2024-11-24,Almacén Centro,Cliente U,Abarrotes,151,143,0
2024-11-24,Almacén Norte,Cliente T,Botanas,158,147,0
2024-11-24,Almacén Pacífico,Cliente W,Lácteos,174,161,0
2024-11-25,Almacén Centro,Cliente K,Bebidas,57,50,0
2024-11-25,Almacén Pacífico,Cliente U,Higiene,236,179,0
2024-11-25,Almacén Norte,Cliente I,Lácteos,306,279,0
2024-11-25,Almacén Norte,Cliente T,Lácteos,281,280,0
2024-11-25,Almacén Sur,Cliente A,Limpieza,14,10,0
2024-11-25,Almacén Sur,Cliente I,Botanas,211,159,0
2024-11-25,Almacén Sur,Cliente B,Lácteos,359,258,0
2024-11-26,Almacén Pacífico,Cliente K,Botanas,345,247,0
2024-11-26,Almacén Pacífico,Cliente N,Bebidas,210,177,0
2024-11-26,Almacén Norte,Cliente L,Lácteos,61,54,0
2024-11-26,Almacén Centro,Cliente D,Higiene,96,73,0
2024-11-26,Almacén Centro,Cliente S,Higiene,324,275,0
2024-11-27,Almacén Pacífico,Cliente N,Lácteos,241,224,0
2024-11-27,Almacén Sur,Cliente Y,Abarrotes,392,291,0
2024-11-27,Almacén Norte,Cliente G,Lácteos,163,147,0
2024-11-28,Almacén Sur,Cliente W,Lácteos,383,343,0
2024-11-28,Almacén Pacífico,Cliente N,Lácteos,14,11,0
2024-11-28,Almacén Centro,Cliente K,Abarrotes,298,224,0
2024-11-28,Almacén Pacífico,Cliente U,Lácteos,150,145,0
2024-11-28,Almacén Pacífico,Cliente X,Bebidas,238,219,0
2024-11-29,Almacén Pacífico,Cliente X,Lácteos,126,119,0
2024-11-29,Almacén Pacífico,Cliente P,Higiene,101,72,0
2024-11-29,Almacén Pacífico,Cliente K,Limpieza,55,51,0
2024-11-29,Almacén Pacífico,Cliente K,Bebidas,275,217,0
2024-11-30,Almacén Norte,Cliente N,Lácteos,64,58,23
2024-11-30,Almacén Centro,Cliente K,Abarrotes,370,359,0
2024-11-30,Almacén Norte,Cliente B,Lácteos,31,25,0
2024-11-30,Almacén Norte,Cliente G,Abarrotes,40,35,0
2024-11-30,Almacén Pacífico,Cliente J,Abarrotes,373,302,0
2024-11-30,Almacén Norte,Cliente L,Limpieza,235,193,0
2024-11-30,Almacén Pacífico,Cliente X,Abarrotes,257,210,0
2024-11-30,Almacén Norte,Cliente K,Bebidas,46,40,0
2024-12-01,Almacén Pacífico,Cliente X,Botanas,64,63,0
2024-12-01,Almacén Sur,Cliente L,Lácteos,301,244,0
2024-12-01,Almacén Norte,Cliente T,Bebidas,155,139,0
2024-12-01,Almacén Sur,Cliente K,Limpieza,176,137,85
2024-12-01,Almacén Pacífico,Cliente V,Bebidas,59,46,0
2024-12-01,Almacén Norte,Cliente G,Lácteos,340,281,0
2024-12-02,Almacén Centro,Cliente D,Lácteos,349,319,0
2024-12-02,Almacén Centro,Cliente U,Botanas,281,227,0
2024-12-02,Almacén Centro,Cliente B,Bebidas,357,311,0
2024-12-02,Almacén Norte,Cliente Y,Abarrotes,169,144,100
2024-12-02,Almacén Pacífico,Cliente T,Abarrotes,50,45,10
2024-12-02,Almacén Sur,Cliente K,Botanas,28,24,0
2024-12-02,Almacén Centro,Cliente K,Bebidas,52,48,0
2024-12-02,Almacén Norte,Cliente K,Lácteos,387,379,0
2024-12-03,Almacén Centro,Cliente U,Limpieza,148,145,62
2024-12-03,Almacén Pacífico,Cliente K,Bebidas,263,198,0
2024-12-03,Almacén Sur,Cliente K,Lácteos,57,51,0
2024-12-03,Almacén Sur,Cliente X,Lácteos,393,352,0
2024-12-03,Almacén Centro,Cliente A,Limpieza,282,264,0
2024-12-04,Almacén Norte,Cliente G,Botanas,318,291,0
2024-12-04,Almacén Centro,Cliente A,Abarrotes,399,354,0
2024-12-04,Almacén Sur,Cliente K,Bebidas,330,267,0
2024-12-04,Almacén Centro,Cliente L,Botanas,399,292,0
2024-12-04,Almacén Pacífico,Cliente A,Abarrotes,183,155,0
2024-12-05,Almacén Norte,Cliente W,Higiene,180,142,0
2024-12-05,Almacén Pacífico,Cliente G,Lácteos,175,167,0
2024-12-06,Almacén Norte,Cliente I,Bebidas,223,202,0
2024-12-06,Almacén Pacífico,Cliente B,Limpieza,253,226,0
2024-12-06,Almacén Centro,Cliente D,Botanas,149,131,0
2024-12-07,Almacén Centro,Cliente I,Higiene,365,301,0
2024-12-07,Almacén Norte,Cliente L,Bebidas,321,241,0
2024-12-07,Almacén Sur,Cliente B,Lácteos,124,101,0
2024-12-08,Almacén Sur,Cliente X,Higiene,188,151,0
2024-12-08,Almacén Sur,Cliente N,Limpieza,374,275,0
2024-12-08,Almacén Centro,Cliente W,Lácteos,115,97,0
2024-12-08,Almacén Norte,Cliente B,Higiene,154,115,0
2024-12-08,Almacén Centro,Cliente K,Lácteos,143,123,0
2024-12-08,Almacén Centro,Cliente U,Limpieza,167,140,0
2024-12-08,Almacén Sur,Cliente A,Botanas,296,234,0
2024-12-08,Almacén Sur,Cliente P,Limpieza,220,213,0
2024-12-09,Almacén Norte,Cliente B,Botanas,184,131,61
2024-12-09,Almacén Norte,Cliente G,Higiene,46,37,0
2024-12-09,Almacén Sur,Cliente A,Bebidas,123,111,0
2024-12-09,Almacén Pacífico,Cliente I,Botanas,99,89,0
2024-12-09,Almacén Pacífico,Cliente D,Abarrotes,68,54,0
2024-12-10,Almacén Sur,Cliente K,Limpieza,170,122,0
2024-12-10,Almacén Pacífico,Cliente K,Botanas,91,83,0
2024-12-10,Almacén Pacífico,Cliente Y,Lácteos,315,222,0
2024-12-10,Almacén Pacífico,Cliente U,Limpieza,187,182,0
2024-12-10,Almacén Pacífico,Cliente M,Botanas,374,281,0
2024-12-10,Almacén Centro,Cliente K,Higiene,64,56,0
2024-12-10,Almacén Centro,Cliente I,Higiene,39,29,0
2024-12-10,Almacén Norte,Cliente T,Abarrotes,114,92,0
2024-12-11,Almacén Norte,Cliente J,Higiene,43,30,0
2024-12-11,Almacén Centro,Cliente A,Limpieza,294,292,0
2024-12-11,Almacén Pacífico,Cliente T,Botanas,30,27,0
2024-12-11,Almacén Pacífico,Cliente B,Lácteos,147,143,0
2024-12-11,Almacén Centro,Cliente T,Limpieza,57,42,15
2024-12-11,Almacén Norte,Cliente K,Botanas,289,281,0
2024-12-11,Almacén Pacífico,Cliente K,Lácteos,355,321,0
2024-12-12,Almacén Sur,Cliente W,Limpieza,140,127,0
2024-12-12,Almacén Pacífico,Cliente K,Limpieza,209,170,0
2024-12-12,Almacén Norte,Cliente K,Bebidas,254,224,81
2024-12-12,Almacén Centro,Cliente U,Abarrotes,328,323,0
2024-12-13,Almacén Sur,Cliente D,Bebidas,134,113,0
2024-12-13,Almacén Centro,Cliente D,Lácteos,235,170,0
2024-12-14,Almacén Centro,Cliente K,Limpieza,387,344,0
2024-12-14,Almacén Pacífico,Cliente L,Abarrotes,212,155,0
2024-12-14,Almacén Pacífico,Cliente N,Botanas,95,74,38
2024-12-14,Almacén Sur,Cliente I,Abarrotes,73,65,0
2024-12-14,Almacén Norte,Cliente U,Abarrotes,185,152,0
2024-12-14,Almacén Centro,Cliente B,Lácteos,116,114,0
2024-12-14,Almacén Norte,Cliente Y,Higiene,153,139,0
2024-12-15,Almacén Norte,Cliente B,Abarrotes,283,220,0
2024-12-15,Almacén Centro,Cliente X,Higiene,8,6,0
2024-12-15,Almacén Centro,Cliente B,Botanas,373,298,0
2024-12-15,Almacén Centro,Cliente X,Limpieza,217,216,0
2024-12-15,Almacén Norte,Cliente D,Limpieza,116,107,0
2024-12-16,Almacén Centro,Cliente X,Higiene,118,115,0
2024-12-16,Almacén Norte,Cliente I,Limpieza,335,301,169
2024-12-16,Almacén Pacífico,Cliente X,Abarrotes,343,326,0
2024-12-17,Almacén Sur,Cliente S,Botanas,305,303,0
2024-12-17,Almacén Norte,Cliente Y,Lácteos,370,309,0
2024-12-17,Almacén Centro,Cliente U,Abarrotes,124,111,0
2024-12-17,Almacén Pacífico,Cliente D,Abarrotes,293,250,0
2024-12-17,Almacén Sur,Cliente U,Botanas,200,140,97
2024-12-17,Almacén Sur,Cliente W,Abarrotes,14,12,2
2024-12-17,Almacén Norte,Cliente H,Higiene,192,161,0
2024-12-18,Almacén Sur,Cliente X,Higiene,141,127,0
2024-12-18,Almacén Norte,Cliente A,Higiene,288,232,0
2024-12-18,Almacén Sur,Cliente I,Higiene,12,8,0
2024-12-18,Almacén Sur,Cliente K,Lácteos,164,154,0
2024-12-18,Almacén Pacífico,Cliente N,Higiene,33,28,0
2024-12-18,Almacén Pacífico,Cliente U,Higiene,366,321,0
2024-12-18,Almacén Pacífico,Cliente L,Botanas,150,128,0
2024-12-18,Almacén Sur,Cliente B,Bebidas,181,168,0
2024-12-18,Almacén Norte,Cliente L,Bebidas,265,221,0
2024-12-19,Almacén Norte,Cliente U,Lácteos,134,121,63
2024-12-19,Almacén Pacífico,Cliente P,Botanas,341,277,0
2024-12-20,Almacén Sur,Cliente J,Bebidas,124,108,0
2024-12-20,Almacén Sur,Cliente Y,Lácteos,294,208,0
2024-12-21,Almacén Centro,Cliente G,Abarrotes,213,190,0
2024-12-21,Almacén Norte,Cliente P,Botanas,390,333,0
2024-12-21,Almacén Norte,Cliente A,Limpieza,132,100,0
2024-12-21,Almacén Pacífico,Cliente S,Higiene,356,313,0
2024-12-21,Almacén Norte,Cliente A,Abarrotes,106,81,0
2024-12-21,Almacén Centro,Cliente I,Lácteos,341,240,0
2024-12-22,Almacén Norte,Cliente S,Botanas,215,157,0
2024-12-22,Almacén Norte,Cliente U,Abarrotes,368,280,0
2024-12-22,Almacén Pacífico,Cliente K,Botanas,136,99,0
2024-12-23,Almacén Centro,Cliente U,Bebidas,339,260,0
2024-12-23,Almacén Sur,Cliente U,Higiene,252,228,110
2024-12-23,Almacén Norte,Cliente L,Abarrotes,131,123,0
2024-12-23,Almacén Sur,Cliente X,Abarrotes,22,19,10
2024-12-23,Almacén Sur,Cliente B,Botanas,92,78,0
2024-12-24,Almacén Centro,Cliente U,Abarrotes,26,23,0
2024-12-24,Almacén Centro,Cliente K,Botanas,172,140,0
2024-12-24,Almacén Sur,Cliente B,Higiene,47,46,0
2024-12-24,Almacén Sur,Cliente Y,Botanas,39,36,0
2024-12-24,Almacén Pacífico,Cliente K,Botanas,119,97,0
2024-12-24,Almacén Centro,Cliente I,Lácteos,102,87,0
2024-12-24,Almacén Pacífico,Cliente I,Limpieza,316,290,57
2024-12-24,Almacén Centro,Cliente I,Lácteos,293,263,0
2024-12-25,Almacén Norte,Cliente X,Bebidas,385,295,0
2024-12-25,Almacén Sur,Cliente T,Botanas,375,320,198
2024-12-25,Almacén Sur,Cliente K,Higiene,174,153,91
2024-12-25,Almacén Norte,Cliente W,Botanas,172,132,0
2024-12-25,Almacén Pacífico,Cliente K,Botanas,208,156,0
2024-12-25,Almacén Pacífico,Cliente I,Limpieza,75,52,0
2024-12-25,Almacén Sur,Cliente D,Abarrotes,10,7,0
2024-12-26,Almacén Sur,Cliente Y,Abarrotes,254,253,0
2024-12-26,Almacén Sur,Cliente K,Higiene,17,16,0
2024-12-26,Almacén Norte,Cliente W,Higiene,104,75,0
2024-12-26,Almacén Sur,Cliente T,Abarrotes,312,267,62
2024-12-26,Almacén Norte,Cliente A,Limpieza,184,139,0
2024-12-26,Almacén Sur,Cliente T,Botanas,236,228,0
2024-12-27,Almacén Sur,Cliente D,Higiene,165,154,37
2024-12-27,Almacén Norte,Cliente A,Bebidas,357,351,0
2024-12-27,Almacén Centro,Cliente K,Lácteos,65,51,0
2024-12-27,Almacén Centro,Cliente W,Bebidas,107,101,0
2024-12-27,Almacén Pacífico,Cliente U,Abarrotes,125,93,0
2024-12-27,Almacén Pacífico,Cliente K,Abarrotes,388,374,0
2024-12-28,Almacén Centro,Cliente I,Bebidas,350,347,0
2024-12-28,Almacén Sur,Cliente A,Limpieza,239,184,0
2024-12-28,Almacén Centro,Cliente K,Lácteos,246,194,0
2024-12-28,Almacén Centro,Cliente J,Botanas,342,290,0
2024-12-28,Almacén Norte,Cliente U,Higiene,227,195,0
2024-12-28,Almacén Sur,Cliente I,Bebidas,68,52,19
2024-12-28,Almacén Pacífico,Cliente K,Higiene,355,255,0
2024-12-28,Almacén Norte,Cliente Y,Bebidas,207,191,0
2024-12-29,Almacén Sur,Cliente Y,Botanas,320,229,0
2024-12-29,Almacén Centro,Cliente K,Higiene,267,202,0
2024-12-29,Almacén Norte,Cliente U,Higiene,385,334,0
2024-12-29,Almacén Norte,Cliente P,Abarrotes,47,38,0
2024-12-29,Almacén Pacífico,Cliente K,Lácteos,101,75,41
2024-12-30,Almacén Sur,Cliente U,Botanas,248,191,0
2024-12-30,Almacén Norte,Cliente N,Botanas,267,209,0
2024-12-30,Almacén Pacífico,Cliente H,Botanas,46,36,0
2024-12-30,Almacén Pacífico,Cliente B,Abarrotes,133,117,0
2024-12-30,Almacén Pacífico,Cliente V,Higiene,130,109,0
2024-12-30,Almacén Norte,Cliente J,Botanas,394,364,0
2024-12-31,Almacén Pacífico,Cliente U,Lácteos,19,17,0
2024-12-31,Almacén Centro,Cliente U,Bebidas,31,24,0
2024-12-31,Almacén Norte,Cliente K,Higiene,212,190,0
2024-12-31,Almacén Centro,Cliente Y,Limpieza,127,96,0
2024-12-31,Almacén Centro,Cliente U,Botanas,260,222,0
2024-12-31,Almacén Norte,Cliente N,Botanas,292,209,0
2024-12-31,Almacén Sur,Cliente K,Bebidas,119,107,52
2025-01-01,Almacén Pacífico,Cliente B,Higiene,205,201,0
2025-01-01,Almacén Centro,Cliente B,Bebidas,160,133,75
2025-01-02,Almacén Pacífico,Cliente I,Bebidas,131,93,0
2025-01-02,Almacén Norte,Cliente N,Abarrotes,166,132,0
2025-01-02,Almacén Norte,Cliente G,Abarrotes,122,108,0
2025-01-02,Almacén Norte,Cliente J,Limpieza,220,187,0
2025-01-02,Almacén Pacífico,Cliente U,Abarrotes,290,280,0
2025-01-03,Almacén Centro,Cliente W,Limpieza,208,178,0
2025-01-03,Almacén Sur,Cliente Q,Bebidas,38,30,0
2025-01-03,Almacén Pacífico,Cliente V,Abarrotes,124,121,0
2025-01-03,Almacén Centro,Cliente A,Higiene,109,77,0
2025-01-03,Almacén Sur,Cliente J,Limpieza,309,264,0
2025-01-04,Almacén Sur,Cliente B,Limpieza,273,255,95
2025-01-04,Almacén Pacífico,Cliente K,Botanas,395,334,0
2025-01-04,Almacén Sur,Cliente U,Lácteos,197,180,0
2025-01-04,Almacén Sur,Cliente Y,Abarrotes,292,287,0
2025-01-05,Almacén Sur,Cliente B,Abarrotes,17,13,0
2025-01-05,Almacén Sur,Cliente L,Limpieza,49,36,0
2025-01-05,Almacén Sur,Cliente J,Bebidas,357,309,0
2025-01-05,Almacén Sur,Cliente F,Bebidas,63,46,0
2025-01-06,Almacén Sur,Cliente K,Higiene,364,318,0
2025-01-06,Almacén Centro,Cliente A,Abarrotes,249,178,0
2025-01-06,Almacén Sur,Cliente S,Abarrotes,47,43,0
2025-01-06,Almacén Norte,Cliente K,Bebidas,100,84,0
2025-01-06,Almacén Centro,Cliente N,Limpieza,108,94,0
2025-01-06,Almacén Centro,Cliente S,Lácteos,63,57,0
2025-01-06,Almacén Pacífico,Cliente T,Higiene,147,103,0
2025-01-07,Almacén Centro,Cliente M,Bebidas,40,36,5
2025-01-07,Almacén Sur,Cliente L,Lácteos,256,234,0
2025-01-07,Almacén Centro,Cliente K,Higiene,309,237,0
2025-01-07,Almacén Norte,Cliente J,Bebidas,247,207,0
2025-01-08,Almacén Norte,Cliente J,Botanas,10,7,0
2025-01-08,Almacén Norte,Cliente K,Botanas,266,236,0
2025-01-08,Almacén Norte,Cliente I,Limpieza,131,113,0
2025-01-08,Almacén Norte,Cliente K,Bebidas,136,125,0
2025-01-08,Almacén Pacífico,Cliente U,Bebidas,75,62,0
2025-01-09,Almacén Norte,Cliente K,Limpieza,247,234,0
2025-01-09,Almacén Norte,Cliente U,Lácteos,204,176,0
2025-01-09,Almacén Norte,Cliente Y,Bebidas,296,235,0
2025-01-09,Almacén Sur,Cliente B,Limpieza,38,30,0
2025-01-09,Almacén Pacífico,Cliente Y,Bebidas,221,180,0
2025-01-10,Almacén Centro,Cliente X,Botanas,138,109,0
2025-01-10,Almacén Sur,Cliente L,Bebidas,193,141,0
2025-01-10,Almacén Pacífico,Cliente K,Abarrotes,235,176,0
2025-01-10,Almacén Norte,Cliente B,Botanas,132,113,0
2025-01-10,Almacén Sur,Cliente A,Higiene,247,186,0
2025-01-11,Almacén Pacífico,Cliente J,Limpieza,305,258,0
2025-01-11,Almacén Centro,Cliente K,Bebidas,365,287,169
2025-01-11,Almacén Centro,Cliente D,Botanas,203,166,0
2025-01-12,Almacén Pacífico,Cliente K,Limpieza,58,41,0
2025-01-12,Almacén Pacífico,Cliente O,Botanas,38,30,0
2025-01-12,Almacén Pacífico,Cliente L,Abarrotes,134,116,0
2025-01-12,Almacén Sur,Cliente W,Higiene,278,274,0
2025-01-12,Almacén Pacífico,Cliente I,Botanas,293,213,0
2025-01-12,Almacén Sur,Cliente N,Botanas,56,45,22
2025-01-12,Almacén Norte,Cliente X,Abarrotes,392,326,0
2025-01-12,Almacén Sur,Cliente L,Botanas,113,102,0
2025-01-12,Almacén Pacífico,Cliente K,Higiene,186,151,0
2025-01-12,Almacén Centro,Cliente K,Limpieza,213,182,0
2025-01-13,Almacén Pacífico,Cliente B,Higiene,242,187,0
2025-01-14,Almacén Norte,Cliente W,Higiene,328,289,0
2025-01-14,Almacén Norte,Cliente H,Bebidas,109,77,0
2025-01-14,Almacén Sur,Cliente K,Higiene,234,194,0
2025-01-14,Almacén Centro,Cliente Y,Abarrotes,217,204,0
2025-01-14,Almacén Sur,Cliente G,Botanas,379,271,0
2025-01-14,Almacén Sur,Cliente N,Botanas,225,222,0
2025-01-14,Almacén Sur,Cliente U,Abarrotes,313,261,0
2025-01-15,Almacén Pacífico,Cliente K,Botanas,250,232,0
2025-01-15,Almacén Norte,Cliente Y,Botanas,331,309,0
2025-01-15,Almacén Norte,Cliente K,Bebidas,215,169,0
2025-01-15,Almacén Pacífico,Cliente A,Abarrotes,76,55,0
2025-01-15,Almacén Pacífico,Cliente K,Lácteos,372,313,0
2025-01-16,Almacén Norte,Cliente J,Higiene,368,307,181
2025-01-16,Almacén Pacífico,Cliente J,Limpieza,376,289,0
2025-01-16,Almacén Sur,Cliente N,Abarrotes,368,366,0
2025-01-16,Almacén Norte,Cliente I,Botanas,307,261,0
2025-01-16,Almacén Centro,Cliente U,Abarrotes,198,168,0
2025-01-16,Almacén Pacífico,Cliente X,Lácteos,392,308,0
2025-01-17,Almacén Pacífico,Cliente O,Botanas,345,333,0
2025-01-17,Almacén Centro,Cliente V,Abarrotes,210,154,0
2025-01-17,Almacén Centro,Cliente I,Abarrotes,150,132,0
2025-01-17,Almacén Norte,Cliente A,Limpieza,12,8,0
2025-01-17,Almacén Sur,Cliente K,Higiene,382,346,53
2025-01-18,Almacén Centro,Cliente K,Limpieza,11,10,0
2025-01-18,Almacén Centro,Cliente K,Lácteos,293,267,0
2025-01-18,Almacén Sur,Cliente K,Lácteos,324,322,0
2025-01-18,Almacén Centro,Cliente U,Botanas,292,265,0
2025-01-19,Almacén Pacífico,Cliente K,Lácteos,99,87,0
2025-01-19,Almacén Norte,Cliente F,Lácteos,168,139,0
2025-01-19,Almacén Centro,Cliente P,Abarrotes,170,136,0
2025-01-20,Almacén Sur,Cliente N,Bebidas,185,182,0
2025-01-20,Almacén Sur,Cliente K,Abarrotes,199,141,0
2025-01-20,Almacén Sur,Cliente O,Botanas,22,18,0
2025-01-20,Almacén Sur,Cliente K,Abarrotes,241,225,0
2025-01-20,Almacén Sur,Cliente A,Abarrotes,269,213,0
2025-01-21,Almacén Pacífico,Cliente B,Abarrotes,384,284,0
2025-01-21,Almacén Centro,Cliente Y,Lácteos,379,318,0
2025-01-21,Almacén Pacífico,Cliente U,Lácteos,176,130,0
2025-01-21,Almacén Norte,Cliente X,Bebidas,65,49,0
2025-01-22,Almacén Sur,Cliente X,Lácteos,227,179,0
2025-01-22,Almacén Norte,Cliente B,Bebidas,106,81,0
2025-01-22,Almacén Pacífico,Cliente X,Higiene,32,25,0
2025-01-22,Almacén Sur,Cliente K,Higiene,143,128,0
2025-01-22,Almacén Centro,Cliente K,Higiene,50,38,0
2025-01-22,Almacén Sur,Cliente Y,Abarrotes,178,149,0
2025-01-23,Almacén Norte,Cliente K,Botanas,17,15,0
2025-01-23,Almacén Sur,Cliente G,Limpieza,230,189,109
2025-01-23,Almacén Pacífico,Cliente B,Limpieza,98,89,0
2025-01-23,Almacén Sur,Cliente L,Bebidas,205,179,0
2025-01-23,Almacén Pacífico,Cliente B,Bebidas,102,93,26
2025-01-23,Almacén Pacífico,Cliente B,Bebidas,298,235,0
2025-01-23,Almacén Centro,Cliente K,Higiene,205,195,0
2025-01-24,Almacén Sur,Cliente U,Lácteos,82,62,47
2025-01-24,Almacén Norte,Cliente K,Higiene,384,358,0
2025-01-24,Almacén Pacífico,Cliente K,Limpieza,153,142,30
2025-01-24,Almacén Pacífico,Cliente N,Limpieza,119,93,0
2025-01-25,Almacén Pacífico,Cliente I,Abarrotes,167,139,0
2025-01-25,Almacén Pacífico,Cliente B,Abarrotes,372,312,0
2025-01-25,Almacén Centro,Cliente K,Higiene,55,47,0
2025-01-25,Almacén Norte,Cliente T,Bebidas,40,32,0
2025-01-25,Almacén Norte,Cliente D,Lácteos,288,267,0
2025-01-25,Almacén Pacífico,Cliente Y,Higiene,64,51,0
2025-01-26,Almacén Centro,Cliente X,Lácteos,57,50,0
2025-01-26,Almacén Norte,Cliente K,Higiene,147,133,0
2025-01-26,Almacén Pacífico,Cliente A,Higiene,74,62,0
2025-01-26,Almacén Pacífico,Cliente Y,Botanas,68,50,0
2025-01-26,Almacén Sur,Cliente U,Higiene,96,81,0
2025-01-26,Almacén Sur,Cliente H,Limpieza,381,267,54
2025-01-27,Almacén Pacífico,Cliente U,Higiene,334,310,0
2025-01-28,Almacén Centro,Cliente B,Limpieza,325,289,0
2025-01-28,Almacén Pacífico,Cliente N,Limpieza,13,11,0
2025-01-28,Almacén Norte,Cliente I,Botanas,312,296,130
2025-01-28,Almacén Norte,Cliente Y,Bebidas,25,22,0
2025-01-28,Almacén Norte,Cliente B,Abarrotes,399,306,0
2025-01-29,Almacén Centro,Cliente K,Bebidas,250,246,0
2025-01-29,Almacén Centro,Cliente K,Limpieza,147,104,0
2025-01-29,Almacén Centro,Cliente U,Botanas,74,59,0
2025-01-29,Almacén Norte,Cliente U,Lácteos,199,155,0
2025-01-29,Almacén Norte,Cliente K,Lácteos,62,59,0
2025-01-30,Almacén Centro,Cliente I,Abarrotes,175,147,0
2025-01-30,Almacén Sur,Cliente L,Abarrotes,72,51,0
2025-01-30,Almacén Centro,Cliente K,Limpieza,396,313,0
2025-01-30,Almacén Norte,Cliente W,Botanas,44,36,0
2025-01-31,Almacén Centro,Cliente K,Botanas,185,144,0
2025-01-31,Almacén Pacífico,Cliente U,Bebidas,309,299,0
2025-01-31,Almacén Norte,Cliente A,Abarrotes,379,279,0
2025-01-31,Almacén Pacífico,Cliente L,Bebidas,257,240,0
2025-01-31,Almacén Pacífico,Cliente A,Limpieza,273,224,0
2025-01-31,Almacén Centro,Cliente J,Higiene,130,123,0
2025-02-01,Almacén Sur,Cliente X,Botanas,5,3,0
2025-02-01,Almacén Sur,Cliente B,Higiene,134,100,0
2025-02-01,Almacén Norte,Cliente K,Higiene,150,112,0
2025-02-01,Almacén Pacífico,Cliente W,Higiene,123,93,15
2025-02-01,Almacén Pacífico,Cliente A,Higiene,105,93,0
2025-02-01,Almacén Sur,Cliente D,Abarrotes,181,127,0
2025-02-01,Almacén Norte,Cliente L,Abarrotes,376,361,0
2025-02-02,Almacén Centro,Cliente A,Bebidas,137,125,0
2025-02-02,Almacén Norte,Cliente X,Botanas,195,179,0
2025-02-02,Almacén Centro,Cliente K,Lácteos,246,183,0
2025-02-03,Almacén Centro,Cliente N,Limpieza,365,266,0
2025-02-03,Almacén Norte,Cliente B,Abarrotes,169,124,0
2025-02-03,Almacén Centro,Cliente K,Lácteos,164,149,0
2025-02-03,Almacén Norte,Cliente B,Botanas,50,35,0
2025-02-04,Almacén Sur,Cliente K,Higiene,300,255,0
2025-02-04,Almacén Centro,Cliente K,Lácteos,306,243,37
2025-02-04,Almacén Centro,Cliente L,Lácteos,6,4,0
2025-02-04,Almacén Sur,Cliente J,Botanas,176,145,74
2025-02-05,Almacén Centro,Cliente B,Abarrotes,102,72,0
2025-02-05,Almacén Pacífico,Cliente G,Limpieza,43,40,0
2025-02-06,Almacén Sur,Cliente J,Limpieza,38,27,0
2025-02-06,Almacén Centro,Cliente D,Limpieza,281,220,0
2025-02-06,Almacén Sur,Cliente J,Higiene,31,22,0
2025-02-06,Almacén Pacífico,Cliente L,Lácteos,233,216,0
2025-02-07,Almacén Pacífico,Cliente H,Abarrotes,397,341,162
2025-02-07,Almacén Sur,Cliente X,Bebidas,391,295,0
2025-02-07,Almacén Sur,Cliente U,Limpieza,66,61,0
2025-02-07,Almacén Norte,Cliente B,Limpieza,136,111,0
2025-02-07,Almacén Sur,Cliente P,Lácteos,332,279,0
2025-02-07,Almacén Pacífico,Cliente B,Higiene,298,283,154
2025-02-07,Almacén Centro,Cliente A,Bebidas,312,249,0
2025-02-07,Almacén Sur,Cliente X,Botanas,79,56,0
2025-02-08,Almacén Norte,Cliente K,Higiene,102,81,0
2025-02-08,Almacén Pacífico,Cliente K,Limpieza,223,193,0
2025-02-08,Almacén Norte,Cliente I,Abarrotes,28,20,0
2025-02-08,Almacén Norte,Cliente T,Abarrotes,100,88,0
2025-02-08,Almacén Centro,Cliente N,Botanas,182,177,0
2025-02-09,Almacén Pacífico,Cliente F,Abarrotes,217,216,0
2025-02-09,Almacén Centro,Cliente D,Higiene,99,83,0
2025-02-09,Almacén Norte,Cliente N,Abarrotes,345,285,0
2025-02-10,Almacén Centro,Cliente L,Limpieza,79,58,0
2025-02-10,Almacén Pacífico,Cliente B,Abarrotes,179,143,0
2025-02-10,Almacén Centro,Cliente Y,Botanas,24,21,0
2025-02-10,Almacén Norte,Cliente U,Limpieza,187,149,0
2025-02-10,Almacén Centro,Cliente U,Abarrotes,289,268,0
2025-02-10,Almacén Norte,Cliente J,Abarrotes,374,346,0
2025-02-10,Almacén Centro,Cliente B,Higiene,214,180,0
2025-02-10,Almacén Norte,Cliente G,Lácteos,97,87,0
2025-02-10,Almacén Sur,Cliente K,Bebidas,105,83,0
2025-02-11,Almacén Pacífico,Cliente J,Limpieza,286,266,0
2025-02-11,Almacén Norte,Cliente K,Lácteos,242,170,0
2025-02-11,Almacén Norte,Cliente Y,Lácteos,138,135,0
2025-02-11,Almacén Sur,Cliente U,Lácteos,45,35,0
2025-02-11,Almacén Centro,Cliente R,Higiene,55,40,0
2025-02-11,Almacén Norte,Cliente K,Botanas,333,332,36
2025-02-12,Almacén Norte,Cliente J,Abarrotes,198,196,0
2025-02-12,Almacén Centro,Cliente Y,Botanas,142,105,0
2025-02-12,Almacén Norte,Cliente D,Limpieza,361,327,0
2025-02-12,Almacén Centro,Cliente I,Lácteos,126,116,0
2025-02-12,Almacén Pacífico,Cliente D,Limpieza,293,228,0
2025-02-12,Almacén Pacífico,Cliente N,Higiene,331,287,0
2025-02-13,Almacén Pacífico,Cliente U,Botanas,144,110,0
2025-02-13,Almacén Sur,Cliente D,Botanas,148,117,0
2025-02-13,Almacén Centro,Cliente K,Limpieza,258,240,0
2025-02-13,Almacén Norte,Cliente U,Limpieza,138,125,0
2025-02-13,Almacén Centro,Cliente I,Botanas,23,21,0
2025-02-13,Almacén Centro,Cliente A,Higiene,218,197,0
2025-02-14,Almacén Pacífico,Cliente K,Lácteos,316,229,0
2025-02-14,Almacén Sur,Cliente X,Bebidas,160,146,0
2025-02-14,Almacén Centro,Cliente T,Bebidas,134,130,0
2025-02-14,Almacén Centro,Cliente I,Bebidas,126,110,0
2025-02-14,Almacén Pacífico,Cliente P,Higiene,91,76,0
2025-02-14,Almacén Pacífico,Cliente W,Botanas,116,107,0
2025-02-14,Almacén Centro,Cliente X,Lácteos,390,374,157
2025-02-15,Almacén Norte,Cliente I,Higiene,220,161,0
2025-02-15,Almacén Centro,Cliente W,Abarrotes,372,291,0
2025-02-15,Almacén Centro,Cliente L,Higiene,59,43,0
2025-02-15,Almacén Pacífico,Cliente S,Lácteos,110,105,0
2025-02-15,Almacén Centro,Cliente B,Botanas,175,130,0
2025-02-15,Almacén Sur,Cliente J,Higiene,231,183,0
2025-02-16,Almacén Pacífico,Cliente X,Lácteos,96,85,0
2025-02-16,Almacén Pacífico,Cliente K,Limpieza,130,93,0
2025-02-16,Almacén Pacífico,Cliente K,Abarrotes,251,198,0
2025-02-16,Almacén Pacífico,Cliente W,Lácteos,386,292,0
2025-02-16,Almacén Sur,Cliente U,Higiene,317,245,0
2025-02-16,Almacén Norte,Cliente X,Limpieza,22,19,4
2025-02-16,Almacén Sur,Cliente X,Botanas,223,182,0
2025-02-17,Almacén Sur,Cliente I,Limpieza,163,160,0
2025-02-17,Almacén Norte,Cliente S,Lácteos,190,174,0
2025-02-17,Almacén Norte,Cliente L,Higiene,256,238,0
2025-02-17,Almacén Pacífico,Cliente P,Bebidas,223,165,0
2025-02-17,Almacén Centro,Cliente L,Botanas,97,70,0
2025-02-17,Almacén Sur,Cliente A,Limpieza,19,14,0
2025-02-17,Almacén Pacífico,Cliente K,Abarrotes,109,85,0
2025-02-17,Almacén Norte,Cliente I,Limpieza,60,52,0
2025-02-18,Almacén Sur,Cliente K,Botanas,179,148,0
2025-02-18,Almacén Norte,Cliente W,Botanas,83,63,0
2025-02-18,Almacén Norte,Cliente I,Limpieza,306,236,0
2025-02-18,Almacén Pacífico,Cliente T,Limpieza,169,160,0
2025-02-19,Almacén Centro,Cliente K,Limpieza,49,36,0
2025-02-19,Almacén Pacífico,Cliente T,Abarrotes,381,280,0
2025-02-19,Almacén Sur,Cliente T,Higiene,192,150,0
2025-02-19,Almacén Norte,Cliente T,Abarrotes,142,117,0
2025-02-19,Almacén Norte,Cliente U,Abarrotes,382,359,0
2025-02-19,Almacén Pacífico,Cliente K,Limpieza,178,130,0
2025-02-20,Almacén Sur,Cliente L,Limpieza,48,40,0
2025-02-20,Almacén Norte,Cliente Y,Higiene,132,107,0
2025-02-20,Almacén Pacífico,Cliente B,Botanas,195,165,0
2025-02-20,Almacén Centro,Cliente A,Abarrotes,342,279,0
2025-02-20,Almacén Centro,Cliente P,Limpieza,36,30,0
2025-02-20,Almacén Centro,Cliente S,Lácteos,399,326,0
2025-02-20,Almacén Sur,Cliente L,Lácteos,224,157,0
2025-02-20,Almacén Pacífico,Cliente I,Abarrotes,57,41,0
2025-02-21,Almacén Pacífico,Cliente D,Abarrotes,314,291,0
2025-02-21,Almacén Centro,Cliente H,Botanas,209,154,0
2025-02-21,Almacén Pacífico,Cliente G,Limpieza,297,242,122
2025-02-21,Almacén Centro,Cliente N,Botanas,39,36,0
2025-02-21,Almacén Pacífico,Cliente K,Abarrotes,33,26,0
2025-02-21,Almacén Centro,Cliente K,Limpieza,73,60,0
2025-02-21,Almacén Pacífico,Cliente G,Abarrotes,398,356,0
2025-02-21,Almacén Centro,Cliente D,Lácteos,248,186,0
2025-02-22,Almacén Norte,Cliente N,Abarrotes,66,47,0
2025-02-22,Almacén Centro,Cliente D,Limpieza,228,175,0
2025-02-22,Almacén Pacífico,Cliente X,Bebidas,82,58,0
2025-02-22,Almacén Pacífico,Cliente H,Abarrotes,236,221,0
2025-02-22,Almacén Norte,Cliente N,Botanas,152,133,0
2025-02-23,Almacén Pacífico,Cliente I,Higiene,280,275,0
2025-02-23,Almacén Pacífico,Cliente K,Lácteos,148,128,0
2025-02-23,Almacén Norte,Cliente J,Higiene,306,236,0
2025-02-23,Almacén Norte,Cliente K,Abarrotes,285,221,0
2025-02-23,Almacén Centro,Cliente L,Bebidas,281,221,0
2025-02-24,Almacén Pacífico,Cliente X,Botanas,153,141,0
2025-02-25,Almacén Norte,Cliente N,Higiene,184,145,0
2025-02-25,Almacén Sur,Cliente U,Bebidas,205,176,0
2025-02-25,Almacén Norte,Cliente X,Abarrotes,111,108,0
2025-02-25,Almacén Centro,Cliente S,Botanas,247,195,0
2025-02-25,Almacén Centro,Cliente X,Lácteos,180,151,0
2025-02-25,Almacén Pacífico,Cliente K,Limpieza,366,352,0
2025-02-25,Almacén Sur,Cliente Y,Bebidas,243,228,0
2025-02-26,Almacén Norte,Cliente K,Botanas,314,295,0
2025-02-26,Almacén Norte,Cliente U,Abarrotes,302,248,0
2025-02-26,Almacén Pacífico,Cliente I,Botanas,366,331,0
2025-02-26,Almacén Norte,Cliente I,Botanas,211,166,0
2025-02-26,Almacén Sur,Cliente K,Botanas,185,140,0
2025-02-26,Almacén Pacífico,Cliente K,Botanas,175,151,0
2025-02-26,Almacén Centro,Cliente Y,Bebidas,278,274,0
2025-02-26,Almacén Sur,Cliente T,Abarrotes,335,267,0
2025-02-27,Almacén Pacífico,Cliente J,Higiene,232,194,0
2025-02-27,Almacén Norte,Cliente B,Abarrotes,20,15,0
2025-02-27,Almacén Pacífico,Cliente B,Abarrotes,257,256,0
2025-02-28,Almacén Sur,Cliente K,Bebidas,397,297,0
2025-02-28,Almacén Pacífico,Cliente X,Abarrotes,176,144,0
2025-02-28,Almacén Centro,Cliente U,Limpieza,355,316,0
2025-02-28,Almacén Norte,Cliente K,Bebidas,141,111,0
2025-03-01,Almacén Pacífico,Cliente V,Limpieza,286,237,0
2025-03-01,Almacén Centro,Cliente K,Lácteos,46,38,0
2025-03-01,Almacén Sur,Cliente I,Botanas,12,8,0
2025-03-01,Almacén Pacífico,Cliente N,Botanas,158,152,0
2025-03-02,Almacén Centro,Cliente B,Bebidas,62,58,0
2025-03-02,Almacén Pacífico,Cliente H,Lácteos,239,182,0
2025-03-02,Almacén Sur,Cliente X,Abarrotes,243,236,0
2025-03-02,Almacén Norte,Cliente N,Bebidas,132,129,0
2025-03-02,Almacén Norte,Cliente I,Botanas,257,213,0
2025-03-02,Almacén Centro,Cliente I,Higiene,383,296,0
2025-03-03,Almacén Centro,Cliente B,Abarrotes,314,288,0
2025-03-03,Almacén Norte,Cliente Y,Botanas,37,34,0
2025-03-03,Almacén Pacífico,Cliente V,Limpieza,171,140,0
2025-03-04,Almacén Norte,Cliente N,Higiene,239,168,0
2025-03-04,Almacén Norte,Cliente Y,Lácteos,233,221,0
2025-03-04,Almacén Pacífico,Cliente L,Abarrotes,319,298,0
2025-03-04,Almacén Sur,Cliente L,Higiene,372,342,0
2025-03-05,Almacén Sur,Cliente D,Bebidas,199,149,0
2025-03-05,Almacén Centro,Cliente G,Lácteos,290,234,0
2025-03-05,Almacén Norte,Cliente U,Bebidas,66,65,0
2025-03-05,Almacén Sur,Cliente Y,Higiene,326,271,0
2025-03-05,Almacén Pacífico,Cliente H,Bebidas,164,163,0
2025-03-06,Almacén Norte,Cliente O,Bebidas,304,220,0
2025-03-06,Almacén Norte,Cliente D,Botanas,71,67,0
2025-03-06,Almacén Pacífico,Cliente L,Higiene,295,220,0
2025-03-06,Almacén Pacífico,Cliente H,Bebidas,295,284,0
2025-03-07,Almacén Centro,Cliente K,Abarrotes,99,89,0
2025-03-07,Almacén Norte,Cliente D,Lácteos,318,303,122
2025-03-07,Almacén Pacífico,Cliente Y,Higiene,185,172,0
2025-03-08,Almacén Sur,Cliente K,Abarrotes,225,170,0
2025-03-08,Almacén Sur,Cliente K,Higiene,304,226,0
2025-03-08,Almacén Norte,Cliente K,Lácteos,205,158,0
2025-03-08,Almacén Norte,Cliente U,Botanas,394,296,0
2025-03-08,Almacén Centro,Cliente I,Limpieza,322,294,0
2025-03-08,Almacén Sur,Cliente L,Abarrotes,237,216,0
2025-03-08,Almacén Norte,Cliente L,Bebidas,209,170,0
2025-03-08,Almacén Sur,Cliente D,Lácteos,56,43,0
2025-03-08,Almacén Sur,Cliente K,Lácteos,187,154,0
2025-03-08,Almacén Sur,Cliente I,Bebidas,306,292,0
2025-03-09,Almacén Centro,Cliente K,Limpieza,270,227,0
2025-03-09,Almacén Pacífico,Cliente W,Botanas,17,14,8
2025-03-09,Almacén Sur,Cliente Y,Limpieza,306,262,0
2025-03-09,Almacén Norte,Cliente H,Bebidas,349,275,0
2025-03-10,Almacén Pacífico,Cliente U,Limpieza,386,379,0
2025-03-10,Almacén Pacífico,Cliente K,Botanas,119,115,0
2025-03-10,Almacén Sur,Cliente X,Limpieza,308,241,0
2025-03-10,Almacén Sur,Cliente K,Abarrotes,207,203,0
2025-03-11,Almacén Norte,Cliente P,Abarrotes,306,257,0
2025-03-11,Almacén Pacífico,Cliente D,Higiene,383,268,0
2025-03-11,Almacén Centro,Cliente I,Higiene,155,145,0
2025-03-11,Almacén Sur,Cliente W,Higiene,69,64,0
2025-03-11,Almacén Pacífico,Cliente K,Bebidas,247,198,0
2025-03-12,Almacén Pacífico,Cliente N,Limpieza,75,56,0
2025-03-12,Almacén Pacífico,Cliente U,Limpieza,223,205,0
2025-03-12,Almacén Centro,Cliente B,Botanas,163,136,0
2025-03-12,Almacén Centro,Cliente K,Lácteos,33,28,0
2025-03-12,Almacén Sur,Cliente C,Abarrotes,160,121,0
2025-03-12,Almacén Sur,Cliente U,Abarrotes,70,59,0
2025-03-12,Almacén Centro,Cliente L,Botanas,127,125,0
2025-03-12,Almacén Centro,Cliente A,Bebidas,370,315,0
2025-03-13,Almacén Centro,Cliente F,Abarrotes,124,89,0
2025-03-13,Almacén Pacífico,Cliente D,Botanas,215,152,0
2025-03-13,Almacén Sur,Cliente K,Botanas,100,80,0
2025-03-13,Almacén Sur,Cliente D,Abarrotes,189,140,0
2025-03-13,Almacén Sur,Cliente K,Bebidas,51,49,0
2025-03-14,Almacén Sur,Cliente J,Abarrotes,59,53,0
2025-03-14,Almacén Norte,Cliente A,Higiene,301,221,0
2025-03-14,Almacén Centro,Cliente U,Lácteos,336,329,0
2025-03-14,Almacén Norte,Cliente I,Higiene,74,62,0
2025-03-14,Almacén Pacífico,Cliente X,Lácteos,393,352,0
2025-03-15,Almacén Centro,Cliente K,Limpieza,284,270,0
2025-03-15,Almacén Norte,Cliente K,Botanas,83,63,0
2025-03-15,Almacén Centro,Cliente W,Higiene,271,254,0
2025-03-15,Almacén Norte,Cliente K,Higiene,184,141,0
2025-03-15,Almacén Centro,Cliente G,Limpieza,211,166,0
2025-03-15,Almacén Centro,Cliente U,Limpieza,230,182,0
2025-03-16,Almacén Sur,Cliente O,Bebidas,42,30,0
2025-03-16,Almacén Norte,Cliente Y,Limpieza,171,138,67
2025-03-16,Almacén Pacífico,Cliente D,Lácteos,344,244,0
2025-03-16,Almacén Norte,Cliente U,Abarrotes,176,168,0
2025-03-16,Almacén Norte,Cliente F,Abarrotes,76,64,0
2025-03-16,Almacén Norte,Cliente N,Higiene,344,243,0
2025-03-16,Almacén Sur,Cliente D,Abarrotes,186,132,0
2025-03-16,Almacén Pacífico,Cliente J,Bebidas,300,280,0
2025-03-17,Almacén Sur,Cliente I,Higiene,318,291,0
2025-03-17,Almacén Pacífico,Cliente G,Abarrotes,78,61,0
2025-03-17,Almacén Sur,Cliente D,Bebidas,124,111,0
2025-03-17,Almacén Centro,Cliente K,Bebidas,363,288,0
2025-03-18,Almacén Norte,Cliente D,Bebidas,54,39,0
2025-03-18,Almacén Pacífico,Cliente P,Botanas,5,3,2
2025-03-18,Almacén Sur,Cliente W,Botanas,273,218,0
2025-03-18,Almacén Pacífico,Cliente K,Abarrotes,242,217,0
2025-03-19,Almacén Centro,Cliente I,Abarrotes,171,124,0
2025-03-19,Almacén Norte,Cliente K,Botanas,74,65,0
2025-03-19,Almacén Centro,Cliente K,Botanas,190,169,0
2025-03-19,Almacén Centro,Cliente A,Abarrotes,202,160,38
2025-03-19,Almacén Sur,Cliente B,Abarrotes,163,114,0
2025-03-19,Almacén Sur,Cliente F,Bebidas,73,57,0
2025-03-19,Almacén Pacífico,Cliente K,Bebidas,140,106,0
2025-03-19,Almacén Sur,Cliente B,Limpieza,214,167,0
2025-03-19,Almacén Pacífico,Cliente Y,Botanas,307,287,0
2025-03-19,Almacén Sur,Cliente L,Bebidas,188,158,0
2025-03-19,Almacén Sur,Cliente K,Bebidas,327,303,0
2025-03-20,Almacén Norte,Cliente G,Abarrotes,27,22,13
2025-03-20,Almacén Pacífico,Cliente J,Limpieza,384,343,0
2025-03-21,Almacén Centro,Cliente W,Higiene,334,280,60
2025-03-21,Almacén Centro,Cliente P,Limpieza,286,228,0
2025-03-21,Almacén Norte,Cliente L,Lácteos,16,15,0
2025-03-21,Almacén Pacífico,Cliente J,Bebidas,161,131,0
2025-03-21,Almacén Pacífico,Cliente V,Abarrotes,383,318,0
2025-03-21,Almacén Centro,Cliente L,Bebidas,347,346,0
2025-03-21,Almacén Sur,Cliente N,Lácteos,312,255,94
2025-03-21,Almacén Pacífico,Cliente N,Lácteos,62,44,0
2025-03-22,Almacén Sur,Cliente N,Higiene,351,300,0
2025-03-22,Almacén Pacífico,Cliente L,Limpieza,356,315,0
2025-03-22,Almacén Pacífico,Cliente B,Higiene,330,250,0
2025-03-22,Almacén Sur,Cliente W,Lácteos,104,87,0
2025-03-22,Almacén Norte,Cliente B,Limpieza,384,321,0
2025-03-22,Almacén Sur,Cliente W,Lácteos,128,98,0
2025-03-22,Almacén Norte,Cliente X,Bebidas,287,243,0
2025-03-22,Almacén Centro,Cliente N,Limpieza,190,167,91
2025-03-22,Almacén Centro,Cliente H,Lácteos,98,91,0
2025-03-22,Almacén Sur,Cliente T,Lácteos,256,249,143
2025-03-22,Almacén Pacífico,Cliente K,Lácteos,323,309,0
2025-03-23,Almacén Pacífico,Cliente I,Bebidas,250,217,0
2025-03-23,Almacén Pacífico,Cliente H,Botanas,374,286,0
2025-03-23,Almacén Centro,Cliente A,Abarrotes,361,276,0
2025-03-23,Almacén Norte,Cliente K,Limpieza,87,75,0
2025-03-23,Almacén Norte,Cliente R,Botanas,131,106,0
2025-03-24,Almacén Pacífico,Cliente Y,Abarrotes,28,23,0
2025-03-24,Almacén Norte,Cliente K,Limpieza,111,100,0
2025-03-24,Almacén Centro,Cliente K,Limpieza,135,100,0
2025-03-24,Almacén Sur,Cliente U,Abarrotes,168,163,0
2025-03-24,Almacén Norte,Cliente D,Abarrotes,294,263,0
2025-03-24,Almacén Pacífico,Cliente N,Abarrotes,22,18,0
2025-03-24,Almacén Sur,Cliente J,Higiene,251,202,0
2025-03-25,Almacén Sur,Cliente B,Botanas,154,127,0
2025-03-25,Almacén Pacífico,Cliente A,Lácteos,51,46,0
2025-03-25,Almacén Pacífico,Cliente J,Lácteos,33,27,0
2025-03-25,Almacén Sur,Cliente K,Limpieza,361,263,0
2025-03-25,Almacén Sur,Cliente Y,Botanas,166,141,0
2025-03-25,Almacén Pacífico,Cliente L,Lácteos,390,348,0
2025-03-25,Almacén Centro,Cliente K,Higiene,177,168,0
2025-03-25,Almacén Norte,Cliente U,Bebidas,206,165,0
2025-03-25,Almacén Centro,Cliente W,Higiene,106,78,0
2025-03-26,Almacén Sur,Cliente B,Lácteos,5,4,0
2025-03-26,Almacén Pacífico,Cliente K,Botanas,203,163,0
2025-03-27,Almacén Centro,Cliente K,Limpieza,147,140,0
2025-03-27,Almacén Pacífico,Cliente U,Botanas,139,107,0
2025-03-27,Almacén Sur,Cliente P,Bebidas,84,82,0
2025-03-27,Almacén Norte,Cliente T,Abarrotes,110,107,0
2025-03-28,Almacén Pacífico,Cliente X,Botanas,223,185,0
2025-03-28,Almacén Sur,Cliente H,Lácteos,51,49,21
2025-03-28,Almacén Sur,Cliente F,Lácteos,384,279,39
2025-03-28,Almacén Sur,Cliente A,Limpieza,331,245,0
2025-03-28,Almacén Sur,Cliente L,Botanas,48,43,0
2025-03-28,Almacén Norte,Cliente X,Lácteos,55,52,29
2025-03-28,Almacén Norte,Cliente G,Bebidas,40,36,0
2025-03-28,Almacén Norte,Cliente K,Abarrotes,153,136,0
2025-03-28,Almacén Pacífico,Cliente X,Botanas,79,66,0
2025-03-29,Almacén Pacífico,Cliente Y,Limpieza,93,82,11
2025-03-29,Almacén Centro,Cliente A,Limpieza,210,194,0
2025-03-29,Almacén Centro,Cliente H,Higiene,70,50,8
2025-03-29,Almacén Centro,Cliente T,Bebidas,122,100,0
2025-03-29,Almacén Norte,Cliente K,Abarrotes,26,23,0
2025-03-29,Almacén Pacífico,Cliente T,Lácteos,132,92,0
2025-03-29,Almacén Sur,Cliente K,Lácteos,226,174,0
2025-03-30,Almacén Centro,Cliente K,Lácteos,230,223,0
2025-03-30,Almacén Sur,Cliente Y,Botanas,14,10,0
2025-03-30,Almacén Sur,Cliente X,Botanas,171,128,0
2025-03-30,Almacén Sur,Cliente Y,Abarrotes,275,238,0
2025-03-30,Almacén Centro,Cliente G,Lácteos,214,151,0
2025-03-30,Almacén Pacífico,Cliente L,Abarrotes,367,257,0
2025-03-30,Almacén Sur,Cliente J,Botanas,67,49,0
2025-03-31,Almacén Pacífico,Cliente W,Limpieza,306,220,0
2025-03-31,Almacén Pacífico,Cliente N,Botanas,179,132,0
2025-03-31,Almacén Norte,Cliente K,Lácteos,366,288,0
2025-03-31,Almacén Sur,Cliente V,Higiene,28,19,0
2025-03-31,Almacén Sur,Cliente B,Abarrotes,332,255,0
2025-04-01,Almacén Sur,Cliente B,Bebidas,308,304,0
2025-04-01,Almacén Norte,Cliente G,Lácteos,318,271,150
2025-04-01,Almacén Pacífico,Cliente L,Abarrotes,79,64,0
2025-04-01,Almacén Sur,Cliente J,Limpieza,214,195,97
2025-04-01,Almacén Pacífico,Cliente G,Lácteos,375,356,0
2025-04-01,Almacén Sur,Cliente A,Higiene,132,107,0
2025-04-01,Almacén Centro,Cliente T,Limpieza,374,288,0
2025-04-02,Almacén Centro,Cliente P,Abarrotes,216,185,0
2025-04-02,Almacén Norte,Cliente U,Higiene,372,368,0
2025-04-02,Almacén Centro,Cliente F,Bebidas,180,131,0
2025-04-02,Almacén Pacífico,Cliente T,Abarrotes,91,84,0
2025-04-02,Almacén Pacífico,Cliente Y,Limpieza,254,210,0
2025-04-03,Almacén Sur,Cliente D,Botanas,200,151,0
2025-04-03,Almacén Sur,Cliente W,Lácteos,149,141,0
2025-04-03,Almacén Sur,Cliente W,Botanas,72,69,0
2025-04-03,Almacén Centro,Cliente U,Abarrotes,203,163,0
2025-04-03,Almacén Pacífico,Cliente K,Botanas,72,69,10
2025-04-03,Almacén Sur,Cliente N,Botanas,131,113,0
2025-04-04,Almacén Pacífico,Cliente B,Bebidas,177,148,0
2025-04-04,Almacén Pacífico,Cliente T,Lácteos,168,146,0
2025-04-04,Almacén Sur,Cliente J,Botanas,59,45,0
2025-04-04,Almacén Norte,Cliente A,Limpieza,399,356,0
2025-04-05,Almacén Pacífico,Cliente J,Lácteos,266,257,113
2025-04-05,Almacén Pacífico,Cliente J,Limpieza,50,35,0
2025-04-05,Almacén Pacífico,Cliente K,Abarrotes,23,19,0
2025-04-05,Almacén Centro,Cliente X,Bebidas,304,273,0
2025-04-05,Almacén Pacífico,Cliente L,Abarrotes,192,176,0
2025-04-05,Almacén Norte,Cliente A,Bebidas,52,49,0
2025-04-06,Almacén Centro,Cliente G,Botanas,335,324,0
2025-04-06,Almacén Pacífico,Cliente D,Higiene,388,380,0
2025-04-06,Almacén Centro,Cliente B,Lácteos,338,315,0
2025-04-06,Almacén Sur,Cliente Y,Higiene,281,271,0
2025-04-06,Almacén Centro,Cliente S,Abarrotes,7,5,0
2025-04-07,Almacén Pacífico,Cliente D,Botanas,115,111,0
2025-04-07,Almacén Centro,Cliente U,Botanas,169,155,62
2025-04-07,Almacén Norte,Cliente W,Higiene,77,56,0
2025-04-07,Almacén Norte,Cliente K,Abarrotes,21,19,0
2025-04-07,Almacén Sur,Cliente I,Higiene,75,60,0
2025-04-07,Almacén Centro,Cliente K,Botanas,305,304,0
2025-04-08,Almacén Pacífico,Cliente I,Lácteos,215,206,0
2025-04-08,Almacén Centro,Cliente J,Higiene,374,344,0
2025-04-08,Almacén Norte,Cliente A,Lácteos,12,9,0
2025-04-08,Almacén Centro,Cliente I,Higiene,320,267,0
2025-04-08,Almacén Pacífico,Cliente U,Higiene,284,215,0
2025-04-09,Almacén Centro,Cliente X,Botanas,149,142,0
2025-04-09,Almacén Centro,Cliente B,Higiene,262,219,0
2025-04-09,Almacén Centro,Cliente I,Higiene,92,80,0
2025-04-09,Almacén Sur,Cliente U,Abarrotes,350,250,0
2025-04-09,Almacén Sur,Cliente K,Limpieza,194,160,101
2025-04-09,Almacén Centro,Cliente T,Higiene,259,183,0
2025-04-10,Almacén Norte,Cliente K,Limpieza,361,289,0
2025-04-10,Almacén Pacífico,Cliente N,Bebidas,287,280,0
2025-04-10,Almacén Sur,Cliente K,Botanas,110,80,0
2025-04-10,Almacén Pacífico,Cliente K,Limpieza,259,232,0
2025-04-10,Almacén Pacífico,Cliente U,Higiene,25,20,0
2025-04-11,Almacén Centro,Cliente G,Abarrotes,306,262,0
2025-04-11,Almacén Pacífico,Cliente K,Abarrotes,376,288,0
2025-04-11,Almacén Pacífico,Cliente D,Higiene,156,119,0
2025-04-11,Almacén Norte,Cliente G,Limpieza,138,112,0
2025-04-12,Almacén Norte,Cliente A,Lácteos,60,57,0
2025-04-12,Almacén Sur,Cliente K,Limpieza,21,17,7
2025-04-12,Almacén Pacífico,Cliente L,Botanas,295,241,0
2025-04-13,Almacén Norte,Cliente K,Lácteos,190,181,0
2025-04-13,Almacén Centro,Cliente K,Higiene,297,230,0
2025-04-13,Almacén Pacífico,Cliente K,Botanas,203,154,0
2025-04-13,Almacén Norte,Cliente T,Lácteos,221,174,34
2025-04-13,Almacén Centro,Cliente W,Abarrotes,394,310,0
2025-04-13,Almacén Norte,Cliente K,Bebidas,47,44,0
2025-04-13,Almacén Centro,Cliente N,Botanas,221,162,0
2025-04-13,Almacén Sur,Cliente X,Limpieza,88,78,0
2025-04-13,Almacén Pacífico,Cliente K,Botanas,54,42,8
2025-04-14,Almacén Pacífico,Cliente L,Botanas,334,285,0
2025-04-14,Almacén Sur,Cliente V,Limpieza,121,90,0
2025-04-14,Almacén Centro,Cliente L,Higiene,27,21,0
2025-04-14,Almacén Centro,Cliente H,Bebidas,220,166,0
2025-04-14,Almacén Norte,Cliente L,Lácteos,262,236,0
2025-04-14,Almacén Norte,Cliente P,Higiene,375,303,0
2025-04-14,Almacén Norte,Cliente X,Lácteos,172,165,0
2025-04-14,Almacén Pacífico,Cliente J,Limpieza,222,181,0
2025-04-15,Almacén Pacífico,Cliente K,Higiene,66,56,0
2025-04-15,Almacén Pacífico,Cliente G,Limpieza,80,69,0
2025-04-15,Almacén Norte,Cliente D,Limpieza,182,130,0
2025-04-15,Almacén Sur,Cliente B,Limpieza,103,72,0
2025-04-15,Almacén Norte,Cliente A,Higiene,184,165,0
2025-04-15,Almacén Norte,Cliente U,Bebidas,262,201,0
2025-04-15,Almacén Centro,Cliente X,Bebidas,48,34,0
2025-04-15,Almacén Pacífico,Cliente K,Higiene,179,143,0
2025-04-16,Almacén Pacífico,Cliente Y,Limpieza,242,186,0
2025-04-16,Almacén Sur,Cliente L,Limpieza,345,332,0
2025-04-16,Almacén Norte,Cliente N,Lácteos,168,142,0
2025-04-16,Almacén Centro,Cliente I,Lácteos,257,190,0
2025-04-16,Almacén Norte,Cliente X,Botanas,113,83,0
2025-04-16,Almacén Centro,Cliente L,Abarrotes,17,13,0
2025-04-16,Almacén Sur,Cliente W,Lácteos,188,147,0
2025-04-16,Almacén Norte,Cliente N,Lácteos,52,51,0
2025-04-16,Almacén Centro,Cliente A,Limpieza,292,265,0
2025-04-16,Almacén Sur,Cliente B,Limpieza,34,23,0
2025-04-16,Almacén Centro,Cliente D,Limpieza,26,21,0
2025-04-16,Almacén Centro,Cliente Y,Lácteos,390,389,0
2025-04-17,Almacén Centro,Cliente D,Abarrotes,390,365,0
2025-04-17,Almacén Norte,Cliente T,Abarrotes,299,264,0
2025-04-17,Almacén Sur,Cliente K,Bebidas,324,271,94
2025-04-17,Almacén Centro,Cliente A,Higiene,88,77,0
2025-04-18,Almacén Norte,Cliente W,Bebidas,75,54,0
2025-04-18,Almacén Norte,Cliente K,Limpieza,364,328,0
2025-04-18,Almacén Pacífico,Cliente W,Lácteos,121,110,0
2025-04-18,Almacén Sur,Cliente B,Bebidas,207,193,0
2025-04-18,Almacén Norte,Cliente A,Lácteos,178,124,33
2025-04-19,Almacén Pacífico,Cliente B,Bebidas,297,234,0
2025-04-19,Almacén Pacífico,Cliente G,Higiene,299,227,0
2025-04-19,Almacén Norte,Cliente U,Botanas,217,194,0
2025-04-19,Almacén Centro,Cliente L,Higiene,211,192,0
2025-04-19,Almacén Sur,Cliente V,Abarrotes,141,108,0
2025-04-20,Almacén Pacífico,Cliente K,Bebidas,194,137,0
2025-04-20,Almacén Norte,Cliente T,Abarrotes,35,29,0
2025-04-20,Almacén Sur,Cliente W,Higiene,258,207,0
2025-04-20,Almacén Norte,Cliente I,Limpieza,274,263,0
2025-04-20,Almacén Centro,Cliente U,Lácteos,255,179,137
2025-04-20,Almacén Pacífico,Cliente T,Abarrotes,16,14,0
2025-04-20,Almacén Norte,Cliente A,Limpieza,296,279,0
2025-04-20,Almacén Centro,Cliente G,Limpieza,150,142,0
2025-04-20,Almacén Centro,Cliente W,Botanas,119,88,0
2025-04-20,Almacén Sur,Cliente U,Lácteos,310,226,181
2025-04-20,Almacén Norte,Cliente H,Higiene,311,234,0
2025-04-20,Almacén Centro,Cliente X,Botanas,240,217,0
2025-04-20,Almacén Pacífico,Cliente X,Lácteos,35,33,0
2025-04-21,Almacén Centro,Cliente H,Lácteos,200,160,0
2025-04-21,Almacén Norte,Cliente B,Lácteos,252,238,39
2025-04-21,Almacén Sur,Cliente X,Abarrotes,66,65,0
2025-04-21,Almacén Centro,Cliente B,Limpieza,24,22,0
2025-04-22,Almacén Centro,Cliente U,Bebidas,114,111,0
2025-04-22,Almacén Norte,Cliente S,Higiene,320,255,0
2025-04-22,Almacén Pacífico,Cliente D,Higiene,257,194,0
2025-04-22,Almacén Norte,Cliente J,Botanas,329,318,0
2025-04-23,Almacén Norte,Cliente A,Limpieza,155,113,0
2025-04-23,Almacén Centro,Cliente B,Botanas,334,253,0
2025-04-23,Almacén Centro,Cliente K,Higiene,127,92,44
2025-04-23,Almacén Pacífico,Cliente L,Abarrotes,92,84,0
2025-04-23,Almacén Centro,Cliente A,Higiene,264,199,0
2025-04-23,Almacén Norte,Cliente X,Bebidas,89,81,0
2025-04-23,Almacén Sur,Cliente N,Higiene,47,39,0
2025-04-23,Almacén Pacífico,Cliente U,Higiene,366,348,0
2025-04-24,Almacén Pacífico,Cliente K,Bebidas,102,100,0
2025-04-24,Almacén Sur,Cliente U,Abarrotes,58,47,0
2025-04-24,Almacén Centro,Cliente N,Botanas,331,270,0
2025-04-24,Almacén Sur,Cliente G,Abarrotes,212,154,0
2025-04-24,Almacén Norte,Cliente A,Limpieza,132,94,0
2025-04-24,Almacén Pacífico,Cliente K,Limpieza,194,174,0
2025-04-24,Almacén Norte,Cliente B,Lácteos,378,374,144
2025-04-24,Almacén Pacífico,Cliente J,Botanas,162,138,0
2025-04-26,Almacén Centro,Cliente Y,Lácteos,396,309,0
2025-04-26,Almacén Sur,Cliente K,Abarrotes,283,226,0
2025-04-26,Almacén Centro,Cliente B,Botanas,344,323,0
2025-04-26,Almacén Norte,Cliente N,Botanas,316,312,0
2025-04-26,Almacén Pacífico,Cliente B,Lácteos,351,349,0
2025-04-26,Almacén Sur,Cliente H,Bebidas,66,63,0
2025-04-26,Almacén Norte,Cliente T,Higiene,297,231,0
2025-04-26,Almacén Norte,Cliente L,Abarrotes,249,233,0
2025-04-27,Almacén Sur,Cliente I,Abarrotes,119,97,0
2025-04-27,Almacén Pacífico,Cliente B,Abarrotes,346,264,150
2025-04-27,Almacén Norte,Cliente U,Botanas,337,315,0
2025-04-27,Almacén Sur,Cliente Y,Lácteos,296,238,0
2025-04-27,Almacén Norte,Cliente J,Bebidas,30,24,0
2025-04-27,Almacén Sur,Cliente X,Limpieza,166,125,0
2025-04-28,Almacén Pacífico,Cliente X,Abarrotes,295,215,0
2025-04-28,Almacén Centro,Cliente X,Limpieza,53,37,0
2025-04-28,Almacén Norte,Cliente K,Lácteos,245,221,0
2025-04-28,Almacén Pacífico,Cliente X,Limpieza,93,73,0
2025-04-28,Almacén Sur,Cliente U,Lácteos,151,145,0
2025-04-29,Almacén Norte,Cliente Y,Abarrotes,246,240,0
2025-04-29,Almacén Sur,Cliente V,Higiene,90,76,0
2025-04-29,Almacén Pacífico,Cliente K,Botanas,281,244,0
2025-04-30,Almacén Norte,Cliente S,Limpieza,306,261,0
2025-04-30,Almacén Sur,Cliente K,Bebidas,290,223,0
2025-04-30,Almacén Sur,Cliente K,Bebidas,394,357,75
2025-04-30,Almacén Pacífico,Cliente N,Botanas,35,30,0
2025-04-30,Almacén Centro,Cliente K,Limpieza,347,248,0
2025-04-30,Almacén Pacífico,Cliente B,Higiene,211,169,0
2025-04-30,Almacén Pacífico,Cliente K,Lácteos,168,132,0
2025-05-01,Almacén Centro,Cliente K,Limpieza,109,100,0
2025-05-01,Almacén Pacífico,Cliente J,Lácteos,125,106,0
2025-05-01,Almacén Centro,Cliente B,Lácteos,231,180,0
2025-05-02,Almacén Norte,Cliente D,Botanas,245,210,0
2025-05-02,Almacén Pacífico,Cliente B,Lácteos,24,19,0
2025-05-02,Almacén Norte,Cliente P,Bebidas,318,238,0
2025-05-02,Almacén Sur,Cliente N,Limpieza,55,40,0
2025-05-02,Almacén Norte,Cliente K,Abarrotes,90,73,0
2025-05-02,Almacén Norte,Cliente X,Abarrotes,305,273,0
2025-05-02,Almacén Centro,Cliente I,Limpieza,218,196,0
2025-05-02,Almacén Norte,Cliente B,Botanas,41,32,0
2025-05-03,Almacén Pacífico,Cliente Y,Bebidas,320,294,34
2025-05-03,Almacén Sur,Cliente K,Abarrotes,22,16,0
2025-05-03,Almacén Sur,Cliente A,Lácteos,281,216,0
2025-05-03,Almacén Pacífico,Cliente U,Abarrotes,218,163,0
2025-05-03,Almacén Pacífico,Cliente N,Limpieza,199,168,0
2025-05-03,Almacén Norte,Cliente B,Botanas,82,57,0
2025-05-03,Almacén Norte,Cliente B,Lácteos,165,149,0
2025-05-03,Almacén Norte,Cliente K,Botanas,249,240,0
2025-05-03,Almacén Sur,Cliente I,Lácteos,277,220,0
2025-05-04,Almacén Pacífico,Cliente A,Lácteos,214,166,0
2025-05-04,Almacén Centro,Cliente N,Abarrotes,137,118,0
2025-05-05,Almacén Centro,Cliente D,Limpieza,332,234,0
2025-05-05,Almacén Centro,Cliente K,Lácteos,10,8,0
2025-05-05,Almacén Pacífico,Cliente U,Botanas,320,317,0
2025-05-05,Almacén Sur,Cliente U,Lácteos,296,275,0
2025-05-05,Almacén Norte,Cliente W,Limpieza,183,174,0
2025-05-05,Almacén Norte,Cliente L,Limpieza,230,175,0
2025-05-05,Almacén Norte,Cliente W,Abarrotes,220,200,0
2025-05-05,Almacén Pacífico,Cliente D,Limpieza,105,96,0
2025-05-05,Almacén Pacífico,Cliente L,Botanas,371,305,0
2025-05-06,Almacén Centro,Cliente N,Limpieza,74,60,0
2025-05-06,Almacén Norte,Cliente N,Higiene,287,271,0
2025-05-06,Almacén Norte,Cliente K,Bebidas,96,88,0
2025-05-06,Almacén Centro,Cliente N,Abarrotes,256,200,0
2025-05-06,Almacén Centro,Cliente K,Higiene,28,24,11
2025-05-06,Almacén Pacífico,Cliente I,Bebidas,309,298,103
2025-05-07,Almacén Pacífico,Cliente G,Limpieza,90,63,45
2025-05-07,Almacén Centro,Cliente Y,Abarrotes,122,101,0
2025-05-07,Almacén Sur,Cliente X,Limpieza,254,253,0
2025-05-07,Almacén Pacífico,Cliente L,Bebidas,176,156,0
2025-05-07,Almacén Pacífico,Cliente B,Bebidas,245,241,0
2025-05-07,Almacén Norte,Cliente K,Abarrotes,128,125,53
2025-05-07,Almacén Pacífico,Cliente B,Bebidas,157,118,58
2025-05-07,Almacén Norte,Cliente K,Limpieza,14,12,0
2025-05-07,Almacén Pacífico,Cliente K,Limpieza,13,9,0
2025-05-07,Almacén Norte,Cliente K,Lácteos,333,298,0
2025-05-08,Almacén Pacífico,Cliente K,Botanas,208,176,0
2025-05-08,Almacén Norte,Cliente P,Botanas,53,48,0
2025-05-08,Almacén Sur,Cliente X,Botanas,86,60,45
2025-05-08,Almacén Norte,Cliente X,Botanas,396,368,0
2025-05-08,Almacén Norte,Cliente I,Limpieza,154,115,0
2025-05-09,Almacén Centro,Cliente J,Botanas,136,110,0
2025-05-09,Almacén Norte,Cliente U,Botanas,55,40,0
2025-05-09,Almacén Pacífico,Cliente B,Limpieza,283,271,0
2025-05-09,Almacén Centro,Cliente K,Bebidas,241,222,0
2025-05-09,Almacén Pacífico,Cliente B,Bebidas,170,168,0
2025-05-09,Almacén Centro,Cliente K,Botanas,130,104,0
2025-05-10,Almacén Centro,Cliente F,Limpieza,302,232,0
2025-05-10,Almacén Norte,Cliente I,Higiene,237,166,0
2025-05-10,Almacén Norte,Cliente J,Bebidas,221,198,0
2025-05-10,Almacén Sur,Cliente K,Botanas,235,182,0
2025-05-11,Almacén Norte,Cliente L,Lácteos,98,79,0
2025-05-11,Almacén Norte,Cliente K,Bebidas,358,331,0
2025-05-11,Almacén Sur,Cliente U,Higiene,285,221,0
2025-05-11,Almacén Centro,Cliente J,Limpieza,162,121,0
2025-05-11,Almacén Pacífico,Cliente O,Bebidas,256,255,0
2025-05-12,Almacén Norte,Cliente I,Higiene,101,82,34
2025-05-12,Almacén Norte,Cliente J,Bebidas,101,80,0
2025-05-12,Almacén Norte,Cliente K,Lácteos,320,230,0
2025-05-12,Almacén Pacífico,Cliente N,Limpieza,342,310,0
2025-05-12,Almacén Norte,Cliente K,Limpieza,32,25,0
2025-05-12,Almacén Pacífico,Cliente I,Bebidas,28,22,0
2025-05-13,Almacén Norte,Cliente U,Limpieza,13,10,0
2025-05-13,Almacén Pacífico,Cliente A,Botanas,187,164,0
2025-05-13,Almacén Pacífico,Cliente K,Lácteos,79,70,0
2025-05-13,Almacén Centro,Cliente K,Higiene,275,241,0
2025-05-13,Almacén Centro,Cliente I,Higiene,201,195,0
2025-05-13,Almacén Pacífico,Cliente K,Botanas,35,30,0
2025-05-13,Almacén Pacífico,Cliente K,Limpieza,98,85,0
2025-05-13,Almacén Pacífico,Cliente I,Botanas,175,154,0
2025-05-13,Almacén Norte,Cliente A,Lácteos,272,210,0
2025-05-13,Almacén Sur,Cliente B,Lácteos,215,184,86
2025-05-13,Almacén Sur,Cliente K,Lácteos,237,228,0
2025-05-14,Almacén Pacífico,Cliente G,Limpieza,349,336,100
2025-05-14,Almacén Sur,Cliente W,Higiene,209,202,0
2025-05-15,Almacén Pacífico,Cliente B,Higiene,65,49,0
2025-05-15,Almacén Centro,Cliente I,Lácteos,388,318,0
2025-05-15,Almacén Norte,Cliente K,Higiene,246,225,134
2025-05-15,Almacén Norte,Cliente K,Limpieza,299,217,0
2025-05-15,Almacén Norte,Cliente T,Botanas,265,197,0
2025-05-15,Almacén Norte,Cliente A,Limpieza,344,326,0
2025-05-15,Almacén Pacífico,Cliente I,Higiene,286,252,0
2025-05-16,Almacén Sur,Cliente T,Higiene,26,23,0
2025-05-16,Almacén Pacífico,Cliente V,Bebidas,97,91,0
2025-05-16,Almacén Sur,Cliente J,Lácteos,121,101,0
2025-05-16,Almacén Pacífico,Cliente Y,Higiene,119,99,0
2025-05-16,Almacén Norte,Cliente Y,Higiene,127,93,0
2025-05-16,Almacén Sur,Cliente D,Botanas,182,127,0
2025-05-17,Almacén Norte,Cliente W,Bebidas,186,177,0
2025-05-17,Almacén Pacífico,Cliente I,Higiene,293,283,0
2025-05-17,Almacén Norte,Cliente X,Higiene,325,228,0
2025-05-17,Almacén Centro,Cliente A,Higiene,254,201,0
2025-05-17,Almacén Sur,Cliente G,Bebidas,224,214,0
2025-05-17,Almacén Norte,Cliente L,Limpieza,130,118,0
2025-05-18,Almacén Centro,Cliente A,Botanas,42,32,0
2025-05-18,Almacén Pacífico,Cliente X,Higiene,118,88,0
2025-05-18,Almacén Centro,Cliente I,Lácteos,153,147,0
2025-05-18,Almacén Sur,Cliente G,Bebidas,193,152,0
2025-05-18,Almacén Centro,Cliente W,Abarrotes,166,157,0
2025-05-18,Almacén Sur,Cliente A,Bebidas,194,192,0
2025-05-18,Almacén Centro,Cliente G,Bebidas,17,16,0
2025-05-18,Almacén Norte,Cliente A,Higiene,309,243,0
2025-05-19,Almacén Centro,Cliente L,Bebidas,170,162,0
2025-05-19,Almacén Norte,Cliente K,Bebidas,193,180,0
2025-05-19,Almacén Centro,Cliente B,Bebidas,334,271,0
2025-05-19,Almacén Norte,Cliente L,Lácteos,345,293,0
2025-05-20,Almacén Sur,Cliente I,Botanas,353,350,0
2025-05-20,Almacén Pacífico,Cliente A,Higiene,191,135,0
2025-05-20,Almacén Pacífico,Cliente K,Lácteos,368,349,0
2025-05-21,Almacén Centro,Cliente I,Limpieza,163,120,0
2025-05-21,Almacén Sur,Cliente W,Bebidas,337,278,0
2025-05-21,Almacén Pacífico,Cliente Y,Abarrotes,7,4,0
2025-05-21,Almacén Norte,Cliente T,Limpieza,106,81,0
2025-05-21,Almacén Centro,Cliente I,Lácteos,340,337,0
2025-05-21,Almacén Pacífico,Cliente D,Lácteos,69,63,0
2025-05-22,Almacén Norte,Cliente Y,Higiene,17,13,0
2025-05-22,Almacén Centro,Cliente I,Higiene,175,160,0
2025-05-22,Almacén Pacífico,Cliente K,Higiene,218,176,0
2025-05-22,Almacén Sur,Cliente K,Abarrotes,214,157,0
2025-05-22,Almacén Norte,Cliente U,Abarrotes,75,74,0
2025-05-22,Almacén Norte,Cliente K,Bebidas,177,166,0
2025-05-22,Almacén Sur,Cliente L,Limpieza,387,375,0
2025-05-22,Almacén Norte,Cliente K,Higiene,93,88,0
2025-05-22,Almacén Sur,Cliente X,Abarrotes,294,293,0
2025-05-23,Almacén Pacífico,Cliente T,Botanas,361,311,0
2025-05-23,Almacén Centro,Cliente I,Limpieza,399,377,0
2025-05-23,Almacén Norte,Cliente K,Limpieza,111,107,0
2025-05-24,Almacén Sur,Cliente F,Bebidas,130,93,33
2025-05-24,Almacén Centro,Cliente K,Lácteos,103,96,0
2025-05-24,Almacén Sur,Cliente D,Abarrotes,103,81,0
2025-05-24,Almacén Pacífico,Cliente U,Abarrotes,204,164,0
2025-05-24,Almacén Centro,Cliente K,Higiene,233,232,0
2025-05-24,Almacén Norte,Cliente I,Botanas,355,338,0
2025-05-24,Almacén Norte,Cliente X,Botanas,176,155,0
2025-05-24,Almacén Centro,Cliente K,Lácteos,356,251,0
2025-05-24,Almacén Centro,Cliente L,Limpieza,70,52,27
2025-05-25,Almacén Pacífico,Cliente L,Lácteos,313,298,0
2025-05-25,Almacén Centro,Cliente T,Bebidas,56,52,0
2025-05-25,Almacén Norte,Cliente J,Higiene,321,230,0
2025-05-25,Almacén Norte,Cliente L,Lácteos,181,139,88
2025-05-25,Almacén Centro,Cliente K,Lácteos,307,240,0
2025-05-25,Almacén Centro,Cliente I,Lácteos,342,286,0
2025-05-26,Almacén Centro,Cliente W,Lácteos,294,219,163
2025-05-26,Almacén Centro,Cliente D,Limpieza,214,152,0
2025-05-26,Almacén Norte,Cliente K,Limpieza,57,54,0
2025-05-26,Almacén Sur,Cliente U,Limpieza,237,232,0
2025-05-26,Almacén Sur,Cliente X,Higiene,65,48,0
2025-05-26,Almacén Pacífico,Cliente B,Bebidas,242,220,0
2025-05-27,Almacén Norte,Cliente Y,Botanas,103,89,49
2025-05-27,Almacén Pacífico,Cliente L,Botanas,55,43,0
2025-05-27,Almacén Norte,Cliente Y,Botanas,19,18,0
2025-05-27,Almacén Norte,Cliente I,Limpieza,326,268,0
2025-05-27,Almacén Norte,Cliente D,Limpieza,112,102,0
2025-05-27,Almacén Norte,Cliente X,Bebidas,74,52,0
2025-05-28,Almacén Centro,Cliente K,Bebidas,392,358,0
2025-05-29,Almacén Norte,Cliente L,Abarrotes,260,253,0
2025-05-30,Almacén Pacífico,Cliente L,Botanas,103,87,0
2025-05-30,Almacén Sur,Cliente K,Bebidas,175,166,0
2025-05-31,Almacén Sur,Cliente X,Higiene,28,20,0
2025-05-31,Almacén Pacífico,Cliente U,Limpieza,313,282,0
2025-05-31,Almacén Centro,Cliente K,Limpieza,253,209,0
2025-05-31,Almacén Sur,Cliente L,Limpieza,270,202,0
2025-05-31,Almacén Pacífico,Cliente D,Botanas,385,290,0
2025-05-31,Almacén Pacífico,Cliente S,Lácteos,312,218,0
2025-05-31,Almacén Norte,Cliente U,Bebidas,361,306,40
2025-05-31,Almacén Sur,Cliente K,Bebidas,247,192,0
2025-05-31,Almacén Norte,Cliente U,Bebidas,124,116,33
2025-05-31,Almacén Sur,Cliente I,Higiene,192,150,0
2025-05-31,Almacén Pacífico,Cliente J,Limpieza,13,12,0
2025-06-01,Almacén Pacífico,Cliente N,Abarrotes,229,220,0
2025-06-01,Almacén Pacífico,Cliente A,Limpieza,341,276,0
2025-06-01,Almacén Centro,Cliente J,Lácteos,184,143,0
2025-06-01,Almacén Norte,Cliente A,Limpieza,336,303,0
2025-06-02,Almacén Pacífico,Cliente U,Botanas,237,220,0
2025-06-02,Almacén Centro,Cliente K,Bebidas,103,101,0
2025-06-02,Almacén Norte,Cliente I,Abarrotes,337,320,0
2025-06-03,Almacén Centro,Cliente N,Limpieza,321,261,0
2025-06-03,Almacén Centro,Cliente D,Higiene,111,86,0
2025-06-03,Almacén Pacífico,Cliente G,Limpieza,141,124,0
2025-06-03,Almacén Centro,Cliente T,Limpieza,302,247,0
2025-06-03,Almacén Centro,Cliente A,Higiene,91,84,0
2025-06-03,Almacén Pacífico,Cliente N,Limpieza,16,11,0
2025-06-04,Almacén Norte,Cliente K,Limpieza,224,164,0
2025-06-04,Almacén Centro,Cliente K,Lácteos,54,53,0
2025-06-04,Almacén Sur,Cliente K,Higiene,353,301,0
2025-06-04,Almacén Pacífico,Cliente N,Botanas,307,224,0
2025-06-04,Almacén Norte,Cliente A,Abarrotes,274,257,0
2025-06-04,Almacén Norte,Cliente B,Higiene,271,267,0
2025-06-04,Almacén Sur,Cliente H,Lácteos,83,67,24
2025-06-05,Almacén Sur,Cliente X,Bebidas,179,169,0
2025-06-05,Almacén Norte,Cliente A,Botanas,276,233,0
2025-06-06,Almacén Sur,Cliente K,Botanas,234,194,0
2025-06-06,Almacén Norte,Cliente P,Abarrotes,280,245,74
2025-06-06,Almacén Sur,Cliente U,Limpieza,92,68,0
2025-06-06,Almacén Pacífico,Cliente J,Higiene,198,174,0
2025-06-07,Almacén Sur,Cliente N,Abarrotes,395,329,0
2025-06-07,Almacén Pacífico,Cliente U,Limpieza,52,40,0
2025-06-07,Almacén Norte,Cliente H,Abarrotes,58,49,0
2025-06-07,Almacén Norte,Cliente O,Higiene,160,153,0
2025-06-07,Almacén Pacífico,Cliente B,Lácteos,390,311,0
2025-06-07,Almacén Centro,Cliente A,Lácteos,119,115,17
2025-06-08,Almacén Pacífico,Cliente B,Bebidas,395,309,0
2025-06-08,Almacén Sur,Cliente K,Limpieza,369,264,72
2025-06-08,Almacén Pacífico,Cliente Y,Bebidas,343,273,0
2025-06-08,Almacén Pacífico,Cliente D,Bebidas,346,252,0
2025-06-08,Almacén Sur,Cliente A,Botanas,246,231,0
2025-06-08,Almacén Centro,Cliente D,Higiene,60,56,0
2025-06-08,Almacén Sur,Cliente K,Limpieza,320,243,60
2025-06-09,Almacén Sur,Cliente H,Higiene,331,246,0
2025-06-09,Almacén Norte,Cliente D,Limpieza,89,83,0
2025-06-09,Almacén Sur,Cliente D,Limpieza,222,176,0
2025-06-09,Almacén Sur,Cliente J,Botanas,275,199,0
2025-06-09,Almacén Centro,Cliente J,Limpieza,321,293,0
2025-06-09,Almacén Pacífico,Cliente J,Abarrotes,53,51,0
2025-06-09,Almacén Norte,Cliente U,Bebidas,164,143,97
2025-06-09,Almacén Centro,Cliente W,Limpieza,201,179,84
2025-06-09,Almacén Pacífico,Cliente J,Abarrotes,270,221,0
2025-06-10,Almacén Sur,Cliente U,Abarrotes,184,161,0
2025-06-10,Almacén Sur,Cliente G,Abarrotes,332,330,0
2025-06-10,Almacén Sur,Cliente T,Higiene,97,96,20
2025-06-10,Almacén Centro,Cliente W,Botanas,193,174,0
2025-06-10,Almacén Centro,Cliente I,Abarrotes,192,135,87
2025-06-10,Almacén Norte,Cliente B,Abarrotes,37,34,0
2025-06-10,Almacén Norte,Cliente I,Abarrotes,35,31,0
2025-06-11,Almacén Centro,Cliente H,Botanas,337,288,0
2025-06-11,Almacén Sur,Cliente K,Bebidas,384,296,0
2025-06-11,Almacén Centro,Cliente B,Limpieza,146,102,0
2025-06-11,Almacén Centro,Cliente G,Bebidas,238,206,0
2025-06-11,Almacén Norte,Cliente K,Botanas,17,14,0
2025-06-11,Almacén Centro,Cliente I,Bebidas,19,14,0
2025-06-11,Almacén Norte,Cliente G,Botanas,328,309,0
2025-06-11,Almacén Norte,Cliente I,Botanas,237,189,0
2025-06-11,Almacén Sur,Cliente N,Bebidas,129,118,0
2025-06-12,Almacén Norte,Cliente K,Limpieza,253,219,0
2025-06-12,Almacén Norte,Cliente K,Limpieza,369,284,0
2025-06-12,Almacén Sur,Cliente B,Lácteos,152,133,0
2025-06-12,Almacén Norte,Cliente K,Botanas,106,92,0
2025-06-12,Almacén Sur,Cliente U,Limpieza,187,139,0
2025-06-13,Almacén Norte,Cliente D,Lácteos,201,160,0
2025-06-13,Almacén Norte,Cliente U,Abarrotes,387,338,92
2025-06-13,Almacén Sur,Cliente T,Lácteos,302,266,0
2025-06-13,Almacén Pacífico,Cliente Y,Botanas,223,167,0
2025-06-14,Almacén Sur,Cliente Y,Lácteos,97,95,0
2025-06-14,Almacén Sur,Cliente U,Lácteos,376,363,0
2025-06-15,Almacén Centro,Cliente K,Botanas,249,222,0
2025-06-15,Almacén Sur,Cliente T,Lácteos,61,51,0
2025-06-15,Almacén Pacífico,Cliente A,Bebidas,302,242,30
2025-06-16,Almacén Pacífico,Cliente Y,Lácteos,261,208,0
2025-06-16,Almacén Sur,Cliente X,Lácteos,372,270,181
2025-06-16,Almacén Sur,Cliente K,Lácteos,190,136,0
2025-06-16,Almacén Sur,Cliente S,Lácteos,195,158,0
2025-06-17,Almacén Sur,Cliente V,Bebidas,321,273,95
2025-06-17,Almacén Pacífico,Cliente K,Higiene,121,104,0
2025-06-17,Almacén Pacífico,Cliente A,Bebidas,82,57,0
2025-06-17,Almacén Centro,Cliente B,Botanas,248,233,0
2025-06-17,Almacén Sur,Cliente I,Botanas,75,60,0
2025-06-18,Almacén Sur,Cliente M,Bebidas,333,271,0
2025-06-18,Almacén Sur,Cliente Y,Bebidas,213,206,0
2025-06-18,Almacén Pacífico,Cliente G,Limpieza,61,50,0
2025-06-18,Almacén Centro,Cliente K,Higiene,74,58,0
2025-06-18,Almacén Sur,Cliente O,Abarrotes,364,335,0
2025-06-19,Almacén Norte,Cliente B,Abarrotes,198,186,0
2025-06-19,Almacén Pacífico,Cliente U,Limpieza,65,57,0
2025-06-19,Almacén Pacífico,Cliente X,Limpieza,274,257,0
2025-06-19,Almacén Sur,Cliente N,Bebidas,227,225,52
2025-06-19,Almacén Centro,Cliente W,Higiene,108,91,0
2025-06-19,Almacén Centro,Cliente K,Botanas,101,98,0
2025-06-20,Almacén Centro,Cliente K,Lácteos,192,164,0
2025-06-20,Almacén Pacífico,Cliente I,Limpieza,42,31,0
2025-06-20,Almacén Sur,Cliente B,Bebidas,371,328,0
2025-06-20,Almacén Norte,Cliente J,Lácteos,387,302,0
2025-06-21,Almacén Sur,Cliente I,Lácteos,234,191,0
2025-06-21,Almacén Norte,Cliente U,Lácteos,294,269,0
2025-06-21,Almacén Pacífico,Cliente B,Lácteos,6,5,0
2025-06-21,Almacén Centro,Cliente A,Abarrotes,392,356,0
2025-06-21,Almacén Norte,Cliente B,Limpieza,271,268,0
2025-06-21,Almacén Norte,Cliente I,Lácteos,324,251,0
2025-06-21,Almacén Norte,Cliente J,Abarrotes,124,115,0
2025-06-21,Almacén Norte,Cliente L,Higiene,70,66,0
2025-06-21,Almacén Sur,Cliente W,Abarrotes,215,184,0
2025-06-22,Almacén Norte,Cliente X,Botanas,9,8,0
2025-06-22,Almacén Sur,Cliente U,Lácteos,48,37,0
2025-06-22,Almacén Norte,Cliente U,Bebidas,116,113,0
2025-06-22,Almacén Pacífico,Cliente O,Limpieza,271,220,124
2025-06-22,Almacén Pacífico,Cliente L,Bebidas,299,256,86
2025-06-22,Almacén Norte,Cliente K,Lácteos,164,163,0
2025-06-22,Almacén Centro,Cliente W,Bebidas,260,229,0
2025-06-23,Almacén Pacífico,Cliente T,Abarrotes,292,289,0
2025-06-23,Almacén Norte,Cliente B,Lácteos,262,186,0
2025-06-23,Almacén Sur,Cliente J,Limpieza,335,315,0
2025-06-23,Almacén Pacífico,Cliente C,Bebidas,47,46,0
2025-06-23,Almacén Centro,Cliente V,Lácteos,389,306,0
2025-06-24,Almacén Pacífico,Cliente K,Botanas,123,94,0
2025-06-24,Almacén Centro,Cliente B,Abarrotes,115,88,0
2025-06-24,Almacén Centro,Cliente B,Higiene,388,316,0
2025-06-25,Almacén Centro,Cliente K,Lácteos,367,354,0
2025-06-25,Almacén Sur,Cliente N,Lácteos,40,39,0
2025-06-25,Almacén Centro,Cliente O,Lácteos,21,18,0
2025-06-25,Almacén Sur,Cliente I,Abarrotes,311,262,0
2025-06-25,Almacén Centro,Cliente T,Limpieza,45,35,0
2025-06-25,Almacén Pacífico,Cliente B,Abarrotes,105,86,29
2025-06-25,Almacén Sur,Cliente K,Limpieza,81,61,0
2025-06-25,Almacén Norte,Cliente N,Abarrotes,60,49,0
2025-06-25,Almacén Centro,Cliente J,Limpieza,330,245,0
2025-06-25,Almacén Centro,Cliente B,Limpieza,156,112,0
2025-06-25,Almacén Pacífico,Cliente K,Lácteos,321,285,0
2025-06-25,Almacén Sur,Cliente U,Lácteos,250,176,36
2025-06-26,Almacén Pacífico,Cliente X,Botanas,320,276,0
2025-06-26,Almacén Norte,Cliente Y,Higiene,251,190,0
2025-06-26,Almacén Norte,Cliente N,Bebidas,177,174,0
2025-06-26,Almacén Centro,Cliente U,Botanas,220,190,0
2025-06-26,Almacén Centro,Cliente K,Abarrotes,116,95,0
2025-06-27,Almacén Norte,Cliente U,Abarrotes,128,105,0
2025-06-27,Almacén Centro,Cliente Y,Lácteos,98,91,0
2025-06-27,Almacén Sur,Cliente I,Limpieza,83,66,0
2025-06-27,Almacén Sur,Cliente A,Higiene,37,28,0
2025-06-27,Almacén Sur,Cliente K,Bebidas,193,169,0
2025-06-27,Almacén Norte,Cliente U,Lácteos,178,170,0
2025-06-28,Almacén Sur,Cliente I,Bebidas,86,73,0
2025-06-28,Almacén Sur,Cliente K,Limpieza,234,177,0
2025-06-28,Almacén Centro,Cliente B,Botanas,134,133,0
2025-06-29,Almacén Sur,Cliente K,Lácteos,128,107,0
2025-06-29,Almacén Sur,Cliente K,Bebidas,351,339,0
2025-06-30,Almacén Centro,Cliente X,Higiene,240,232,0
2025-06-30,Almacén Sur,Cliente K,Abarrotes,188,138,44
2025-06-30,Almacén Pacífico,Cliente K,Bebidas,339,272,0
2025-06-30,Almacén Centro,Cliente I,Botanas,309,303,0
2025-06-30,Almacén Norte,Cliente L,Abarrotes,93,79,0
2025-06-30,Almacén Norte,Cliente I,Limpieza,377,294,0
2025-06-30,Almacén Norte,Cliente O,Abarrotes,41,37,0
2025-06-30,Almacén Norte,Cliente B,Higiene,332,241,0
2025-07-01,Almacén Sur,Cliente X,Botanas,89,65,53
2025-07-01,Almacén Pacífico,Cliente X,Limpieza,79,76,0
2025-07-01,Almacén Norte,Cliente U,Lácteos,245,183,0
2025-07-01,Almacén Sur,Cliente K,Lácteos,120,115,0
2025-07-01,Almacén Sur,Cliente D,Botanas,170,150,0
2025-07-01,Almacén Centro,Cliente N,Bebidas,49,48,18
2025-07-01,Almacén Sur,Cliente A,Higiene,151,146,0
2025-07-01,Almacén Centro,Cliente L,Higiene,280,218,0
2025-07-02,Almacén Pacífico,Cliente U,Limpieza,304,294,179
2025-07-02,Almacén Centro,Cliente G,Higiene,155,128,20
2025-07-02,Almacén Pacífico,Cliente K,Lácteos,83,73,0
2025-07-02,Almacén Pacífico,Cliente L,Abarrotes,80,67,35
2025-07-02,Almacén Centro,Cliente B,Higiene,296,259,0
2025-07-02,Almacén Pacífico,Cliente Y,Botanas,335,303,0
2025-07-02,Almacén Centro,Cliente W,Lácteos,72,68,0
2025-07-02,Almacén Centro,Cliente T,Lácteos,227,218,0
2025-07-03,Almacén Norte,Cliente B,Bebidas,309,229,0
2025-07-03,Almacén Sur,Cliente B,Bebidas,247,182,0
2025-07-03,Almacén Pacífico,Cliente L,Limpieza,16,12,0
2025-07-04,Almacén Sur,Cliente K,Bebidas,44,32,0
2025-07-04,Almacén Pacífico,Cliente I,Higiene,172,128,0
2025-07-04,Almacén Pacífico,Cliente A,Bebidas,393,321,0
2025-07-04,Almacén Sur,Cliente J,Higiene,321,315,0
2025-07-04,Almacén Norte,Cliente N,Bebidas,140,98,0
2025-07-04,Almacén Norte,Cliente K,Botanas,397,297,0
2025-07-04,Almacén Sur,Cliente I,Limpieza,228,166,0
2025-07-04,Almacén Pacífico,Cliente X,Higiene,96,89,0
2025-07-04,Almacén Pacífico,Cliente I,Higiene,324,322,0
2025-07-05,Almacén Pacífico,Cliente W,Botanas,147,131,0
2025-07-05,Almacén Pacífico,Cliente W,Lácteos,211,171,0
2025-07-05,Almacén Centro,Cliente K,Limpieza,101,90,0
2025-07-05,Almacén Norte,Cliente L,Abarrotes,265,243,0
2025-07-05,Almacén Sur,Cliente T,Abarrotes,25,21,12
2025-07-05,Almacén Norte,Cliente K,Botanas,256,202,0
2025-07-06,Almacén Sur,Cliente X,Abarrotes,134,118,0
2025-07-06,Almacén Norte,Cliente K,Botanas,396,356,0
2025-07-06,Almacén Pacífico,Cliente U,Limpieza,368,274,0
2025-07-06,Almacén Pacífico,Cliente Y,Higiene,125,114,66
2025-07-07,Almacén Norte,Cliente B,Limpieza,15,14,0
2025-07-07,Almacén Centro,Cliente L,Bebidas,31,22,0
2025-07-07,Almacén Pacífico,Cliente L,Bebidas,352,269,0
2025-07-07,Almacén Sur,Cliente K,Lácteos,113,86,0
2025-07-07,Almacén Centro,Cliente L,Abarrotes,13,9,0
2025-07-07,Almacén Pacífico,Cliente H,Limpieza,57,51,0
2025-07-07,Almacén Norte,Cliente B,Botanas,73,69,0
2025-07-07,Almacén Pacífico,Cliente J,Botanas,214,180,0
2025-07-08,Almacén Pacífico,Cliente K,Bebidas,342,331,0
2025-07-08,Almacén Sur,Cliente K,Limpieza,93,78,0
2025-07-08,Almacén Pacífico,Cliente T,Bebidas,387,380,154
2025-07-09,Almacén Pacífico,Cliente J,Abarrotes,338,280,0
2025-07-09,Almacén Centro,Cliente L,Limpieza,318,239,172
2025-07-09,Almacén Sur,Cliente U,Limpieza,203,186,0
2025-07-10,Almacén Centro,Cliente L,Bebidas,157,137,0
2025-07-11,Almacén Pacífico,Cliente N,Lácteos,370,326,0
2025-07-11,Almacén Norte,Cliente K,Higiene,130,108,0
2025-07-11,Almacén Sur,Cliente T,Lácteos,90,84,0
2025-07-11,Almacén Sur,Cliente K,Lácteos,339,296,0
2025-07-11,Almacén Sur,Cliente U,Limpieza,23,20,0
2025-07-12,Almacén Sur,Cliente K,Abarrotes,302,241,0
2025-07-12,Almacén Norte,Cliente K,Abarrotes,202,144,0
2025-07-12,Almacén Centro,Cliente B,Abarrotes,183,135,0
2025-07-12,Almacén Sur,Cliente V,Botanas,12,9,0
2025-07-12,Almacén Norte,Cliente U,Higiene,242,175,0
2025-07-12,Almacén Centro,Cliente T,Abarrotes,149,131,0
2025-07-12,Almacén Centro,Cliente F,Botanas,282,212,0
2025-07-12,Almacén Norte,Cliente L,Lácteos,207,202,0
2025-07-12,Almacén Sur,Cliente L,Limpieza,47,35,0
2025-07-13,Almacén Pacífico,Cliente G,Bebidas,157,148,0
2025-07-13,Almacén Sur,Cliente U,Botanas,249,248,0
2025-07-13,Almacén Norte,Cliente P,Higiene,352,281,0
2025-07-13,Almacén Sur,Cliente B,Limpieza,234,199,0
2025-07-14,Almacén Centro,Cliente K,Abarrotes,233,181,0
2025-07-14,Almacén Sur,Cliente Y,Abarrotes,283,208,0
2025-07-15,Almacén Sur,Cliente B,Limpieza,179,133,0
2025-07-15,Almacén Norte,Cliente K,Limpieza,6,5,0
2025-07-15,Almacén Norte,Cliente R,Lácteos,182,170,0
2025-07-15,Almacén Centro,Cliente X,Higiene,78,69,0
2025-07-15,Almacén Pacífico,Cliente T,Bebidas,204,160,0
2025-07-15,Almacén Centro,Cliente D,Botanas,306,245,0
2025-07-16,Almacén Sur,Cliente X,Bebidas,339,270,0
2025-07-16,Almacén Pacífico,Cliente K,Higiene,359,283,0
2025-07-16,Almacén Centro,Cliente B,Botanas,369,328,68
2025-07-17,Almacén Pacífico,Cliente H,Bebidas,28,22,0
2025-07-17,Almacén Centro,Cliente X,Higiene,388,295,0
2025-07-17,Almacén Pacífico,Cliente K,Abarrotes,233,202,0
2025-07-17,Almacén Sur,Cliente A,Bebidas,137,131,0
2025-07-17,Almacén Sur,Cliente J,Lácteos,371,367,0
2025-07-18,Almacén Norte,Cliente F,Lácteos,18,14,0
2025-07-18,Almacén Centro,Cliente A,Limpieza,129,111,48
2025-07-18,Almacén Pacífico,Cliente Y,Higiene,345,333,0
2025-07-18,Almacén Sur,Cliente X,Bebidas,84,60,0
2025-07-18,Almacén Pacífico,Cliente X,Botanas,85,70,0
2025-07-18,Almacén Centro,Cliente L,Lácteos,381,271,0
2025-07-18,Almacén Centro,Cliente D,Botanas,181,128,0
2025-07-18,Almacén Pacífico,Cliente K,Higiene,227,176,70
2025-07-19,Almacén Norte,Cliente K,Bebidas,90,82,0
2025-07-19,Almacén Sur,Cliente L,Abarrotes,140,98,0
2025-07-19,Almacén Centro,Cliente O,Abarrotes,126,118,0
2025-07-19,Almacén Norte,Cliente K,Abarrotes,255,190,0
2025-07-20,Almacén Centro,Cliente I,Higiene,33,26,17
2025-07-20,Almacén Norte,Cliente N,Botanas,295,284,88
2025-07-20,Almacén Norte,Cliente B,Lácteos,129,119,0
2025-07-20,Almacén Centro,Cliente L,Bebidas,211,164,0
2025-07-20,Almacén Pacífico,Cliente W,Limpieza,198,181,0
2025-07-20,Almacén Pacífico,Cliente Y,Bebidas,77,57,0
2025-07-20,Almacén Norte,Cliente A,Bebidas,170,148,0
2025-07-20,Almacén Norte,Cliente I,Higiene,32,24,0
2025-07-20,Almacén Norte,Cliente T,Botanas,6,4,0
2025-07-21,Almacén Norte,Cliente J,Abarrotes,272,236,64
2025-07-21,Almacén Pacífico,Cliente L,Botanas,98,68,0
2025-07-21,Almacén Sur,Cliente K,Higiene,75,73,0
2025-07-21,Almacén Pacífico,Cliente K,Limpieza,381,375,0
2025-07-21,Almacén Sur,Cliente P,Higiene,264,246,0
2025-07-21,Almacén Sur,Cliente F,Limpieza,94,67,0
2025-07-21,Almacén Sur,Cliente I,Abarrotes,220,208,0
2025-07-21,Almacén Pacífico,Cliente B,Abarrotes,202,151,0
2025-07-21,Almacén Centro,Cliente D,Bebidas,183,158,0
2025-07-22,Almacén Pacífico,Cliente K,Botanas,364,300,0
2025-07-22,Almacén Norte,Cliente X,Abarrotes,307,282,0
2025-07-22,Almacén Sur,Cliente K,Bebidas,260,242,0
2025-07-22,Almacén Norte,Cliente K,Higiene,335,311,0
2025-07-23,Almacén Pacífico,Cliente I,Bebidas,270,213,0
2025-07-23,Almacén Centro,Cliente J,Bebidas,99,72,0
2025-07-23,Almacén Sur,Cliente P,Higiene,168,154,0
2025-07-23,Almacén Norte,Cliente P,Higiene,233,227,0
2025-07-23,Almacén Norte,Cliente J,Higiene,158,132,0
2025-07-23,Almacén Sur,Cliente K,Limpieza,340,268,0
2025-07-23,Almacén Pacífico,Cliente D,Botanas,358,285,0
2025-07-23,Almacén Norte,Cliente K,Lácteos,285,242,154
2025-07-24,Almacén Sur,Cliente H,Abarrotes,82,66,0
2025-07-24,Almacén Sur,Cliente T,Limpieza,43,38,0
2025-07-24,Almacén Centro,Cliente J,Limpieza,339,328,0
2025-07-24,Almacén Norte,Cliente U,Limpieza,256,191,0
2025-07-24,Almacén Norte,Cliente O,Higiene,373,278,0
2025-07-24,Almacén Centro,Cliente N,Lácteos,393,367,144
2025-07-24,Almacén Norte,Cliente J,Higiene,329,245,0
2025-07-25,Almacén Centro,Cliente K,Higiene,226,193,0
2025-07-25,Almacén Sur,Cliente K,Higiene,65,50,0
2025-07-25,Almacén Sur,Cliente X,Abarrotes,256,188,0
2025-07-26,Almacén Centro,Cliente Y,Higiene,319,234,0
2025-07-26,Almacén Norte,Cliente Y,Abarrotes,35,26,0
2025-07-26,Almacén Norte,Cliente Y,Higiene,49,35,0
2025-07-27,Almacén Centro,Cliente L,Bebidas,84,61,0
2025-07-27,Almacén Centro,Cliente J,Lácteos,374,329,0
2025-07-27,Almacén Sur,Cliente U,Botanas,380,291,0
2025-07-27,Almacén Pacífico,Cliente U,Botanas,399,355,0
2025-07-28,Almacén Pacífico,Cliente L,Bebidas,46,38,0
2025-07-28,Almacén Sur,Cliente K,Higiene,275,261,0
2025-07-28,Almacén Pacífico,Cliente X,Bebidas,169,124,0
2025-07-28,Almacén Sur,Cliente D,Limpieza,84,80,41
2025-07-28,Almacén Centro,Cliente N,Limpieza,262,193,0
2025-07-28,Almacén Pacífico,Cliente U,Higiene,166,119,0
2025-07-28,Almacén Pacífico,Cliente D,Higiene,270,197,93
2025-07-29,Almacén Sur,Cliente O,Abarrotes,261,247,0
2025-07-29,Almacén Pacífico,Cliente B,Bebidas,137,102,0
2025-07-29,Almacén Pacífico,Cliente L,Abarrotes,198,161,33
2025-07-29,Almacén Sur,Cliente B,Abarrotes,295,246,0
2025-07-29,Almacén Centro,Cliente K,Botanas,101,74,0
2025-07-29,Almacén Pacífico,Cliente K,Abarrotes,367,303,0
2025-07-30,Almacén Centro,Cliente T,Abarrotes,181,134,0
2025-07-30,Almacén Centro,Cliente I,Higiene,200,141,0
2025-07-30,Almacén Pacífico,Cliente U,Lácteos,368,284,0
2025-07-30,Almacén Sur,Cliente A,Botanas,230,177,0
2025-07-30,Almacén Sur,Cliente U,Lácteos,156,132,0
2025-07-31,Almacén Norte,Cliente A,Abarrotes,15,12,6
2025-07-31,Almacén Centro,Cliente G,Botanas,124,96,0
2025-07-31,Almacén Pacífico,Cliente K,Bebidas,395,361,0
2025-07-31,Almacén Pacífico,Cliente G,Bebidas,38,30,0
2025-07-31,Almacén Norte,Cliente Y,Botanas,372,284,0
2025-07-31,Almacén Norte,Cliente A,Botanas,79,59,0
2025-08-01,Almacén Centro,Cliente T,Lácteos,149,147,0
2025-08-01,Almacén Centro,Cliente I,Higiene,6,4,0
2025-08-01,Almacén Pacífico,Cliente J,Bebidas,230,213,0
2025-08-01,Almacén Norte,Cliente K,Bebidas,100,75,0
2025-08-01,Almacén Pacífico,Cliente W,Bebidas,37,33,0
2025-08-02,Almacén Norte,Cliente A,Bebidas,115,82,0
2025-08-02,Almacén Pacífico,Cliente K,Bebidas,21,20,0
2025-08-02,Almacén Centro,Cliente I,Botanas,45,34,0
2025-08-02,Almacén Sur,Cliente J,Bebidas,279,213,0
2025-08-02,Almacén Sur,Cliente K,Limpieza,31,24,0
2025-08-02,Almacén Centro,Cliente Y,Bebidas,147,132,0
2025-08-02,Almacén Centro,Cliente D,Botanas,184,177,0
2025-08-02,Almacén Norte,Cliente N,Lácteos,186,180,98
2025-08-03,Almacén Norte,Cliente N,Limpieza,106,79,0
2025-08-03,Almacén Sur,Cliente B,Abarrotes,318,303,0
2025-08-03,Almacén Centro,Cliente X,Bebidas,143,130,0
2025-08-03,Almacén Norte,Cliente L,Higiene,386,301,0
2025-08-03,Almacén Pacífico,Cliente L,Botanas,42,31,0
2025-08-03,Almacén Pacífico,Cliente U,Abarrotes,77,59,0
2025-08-04,Almacén Norte,Cliente L,Lácteos,314,256,165
2025-08-04,Almacén Norte,Cliente U,Botanas,337,249,0
2025-08-04,Almacén Pacífico,Cliente I,Botanas,182,151,0
2025-08-04,Almacén Pacífico,Cliente K,Limpieza,125,123,20
2025-08-04,Almacén Sur,Cliente X,Botanas,204,161,0
2025-08-04,Almacén Pacífico,Cliente P,Limpieza,40,28,20
2025-08-05,Almacén Norte,Cliente N,Higiene,324,285,0
2025-08-05,Almacén Sur,Cliente B,Higiene,31,30,6
2025-08-05,Almacén Norte,Cliente K,Limpieza,72,70,0
2025-08-05,Almacén Pacífico,Cliente K,Higiene,392,330,60
2025-08-05,Almacén Norte,Cliente B,Abarrotes,81,61,0
2025-08-05,Almacén Sur,Cliente N,Lácteos,44,40,0
2025-08-05,Almacén Centro,Cliente K,Higiene,207,169,0
2025-08-05,Almacén Pacífico,Cliente I,Limpieza,193,166,0
2025-08-06,Almacén Sur,Cliente U,Bebidas,189,169,0
2025-08-06,Almacén Pacífico,Cliente K,Botanas,299,236,0
2025-08-06,Almacén Pacífico,Cliente N,Botanas,74,54,0
2025-08-06,Almacén Sur,Cliente X,Higiene,397,322,0
2025-08-06,Almacén Norte,Cliente I,Abarrotes,223,211,0
2025-08-06,Almacén Norte,Cliente U,Lácteos,341,335,0
2025-08-06,Almacén Pacífico,Cliente Y,Botanas,37,33,0
2025-08-06,Almacén Centro,Cliente V,Botanas,331,296,0
2025-08-06,Almacén Norte,Cliente W,Botanas,268,243,0
2025-08-07,Almacén Sur,Cliente A,Bebidas,397,319,0
2025-08-07,Almacén Sur,Cliente V,Limpieza,131,126,0
2025-08-07,Almacén Pacífico,Cliente D,Higiene,166,125,0
2025-08-07,Almacén Pacífico,Cliente G,Bebidas,73,52,0
2025-08-07,Almacén Norte,Cliente L,Abarrotes,244,175,0
2025-08-07,Almacén Centro,Cliente G,Lácteos,103,88,0
2025-08-07,Almacén Sur,Cliente A,Limpieza,54,38,0
2025-08-07,Almacén Pacífico,Cliente X,Botanas,34,26,0
2025-08-07,Almacén Norte,Cliente K,Bebidas,242,221,0
2025-08-08,Almacén Pacífico,Cliente W,Limpieza,118,106,0
2025-08-08,Almacén Sur,Cliente I,Bebidas,194,171,0
2025-08-08,Almacén Centro,Cliente W,Lácteos,95,67,0
2025-08-08,Almacén Sur,Cliente K,Limpieza,325,271,0
2025-08-08,Almacén Sur,Cliente T,Higiene,189,139,0
2025-08-08,Almacén Pacífico,Cliente Y,Limpieza,364,354,0
2025-08-08,Almacén Sur,Cliente I,Higiene,392,291,0
2025-08-08,Almacén Centro,Cliente H,Bebidas,51,48,0
2025-08-09,Almacén Centro,Cliente D,Botanas,268,244,0
2025-08-09,Almacén Centro,Cliente K,Abarrotes,125,119,0
2025-08-09,Almacén Centro,Cliente X,Lácteos,67,60,0
2025-08-09,Almacén Norte,Cliente K,Botanas,13,10,0
2025-08-09,Almacén Pacífico,Cliente K,Higiene,103,82,0
2025-08-09,Almacén Pacífico,Cliente V,Lácteos,8,5,0
2025-08-09,Almacén Centro,Cliente K,Bebidas,159,140,0
2025-08-10,Almacén Norte,Cliente W,Bebidas,202,169,0
2025-08-10,Almacén Pacífico,Cliente G,Higiene,126,114,0
2025-08-10,Almacén Norte,Cliente T,Limpieza,285,261,0
2025-08-10,Almacén Pacífico,Cliente K,Higiene,280,274,0
2025-08-11,Almacén Centro,Cliente U,Limpieza,383,313,0
2025-08-11,Almacén Centro,Cliente H,Bebidas,336,327,0
2025-08-11,Almacén Sur,Cliente K,Lácteos,25,20,0
2025-08-11,Almacén Pacífico,Cliente K,Abarrotes,65,54,0
2025-08-12,Almacén Norte,Cliente D,Higiene,302,271,0
2025-08-12,Almacén Sur,Cliente T,Bebidas,337,289,0
2025-08-12,Almacén Pacífico,Cliente L,Higiene,89,79,0
2025-08-12,Almacén Norte,Cliente A,Botanas,255,184,0
2025-08-12,Almacén Centro,Cliente J,Bebidas,390,368,128
2025-08-12,Almacén Pacífico,Cliente L,Limpieza,274,201,0
2025-08-13,Almacén Centro,Cliente K,Limpieza,379,376,0
2025-08-13,Almacén Pacífico,Cliente K,Lácteos,96,94,0
2025-08-13,Almacén Norte,Cliente T,Lácteos,146,104,0
2025-08-13,Almacén Centro,Cliente H,Botanas,341,268,0
2025-08-13,Almacén Norte,Cliente T,Botanas,246,173,0
2025-08-13,Almacén Norte,Cliente K,Higiene,393,324,0
2025-08-14,Almacén Pacífico,Cliente K,Lácteos,349,336,0
2025-08-14,Almacén Norte,Cliente A,Higiene,180,153,66
2025-08-14,Almacén Pacífico,Cliente H,Botanas,292,224,0
2025-08-14,Almacén Norte,Cliente W,Higiene,137,113,0
2025-08-14,Almacén Sur,Cliente Y,Bebidas,303,247,0
2025-08-15,Almacén Centro,Cliente B,Bebidas,275,224,0
2025-08-15,Almacén Centro,Cliente L,Limpieza,123,104,0
2025-08-15,Almacén Pacífico,Cliente K,Abarrotes,61,58,0
2025-08-16,Almacén Centro,Cliente S,Botanas,44,42,0
2025-08-16,Almacén Pacífico,Cliente W,Higiene,295,277,63
2025-08-16,Almacén Centro,Cliente D,Limpieza,226,221,0
2025-08-16,Almacén Pacífico,Cliente D,Botanas,363,293,76
2025-08-16,Almacén Norte,Cliente Y,Lácteos,350,335,0
2025-08-16,Almacén Pacífico,Cliente I,Abarrotes,190,134,0
2025-08-17,Almacén Pacífico,Cliente G,Botanas,191,152,0
2025-08-17,Almacén Norte,Cliente J,Abarrotes,243,242,0
2025-08-17,Almacén Norte,Cliente L,Limpieza,245,208,0
2025-08-17,Almacén Sur,Cliente B,Bebidas,109,81,0
2025-08-17,Almacén Norte,Cliente A,Botanas,255,194,0
2025-08-17,Almacén Centro,Cliente S,Bebidas,77,71,0
2025-08-17,Almacén Norte,Cliente G,Bebidas,101,73,0
2025-08-17,Almacén Norte,Cliente K,Botanas,183,147,0
2025-08-17,Almacén Norte,Cliente H,Bebidas,152,141,0
2025-08-18,Almacén Sur,Cliente K,Botanas,49,42,0
2025-08-18,Almacén Norte,Cliente G,Limpieza,265,214,0
2025-08-18,Almacén Pacífico,Cliente K,Lácteos,94,65,0
2025-08-18,Almacén Norte,Cliente P,Lácteos,49,45,0
2025-08-18,Almacén Sur,Cliente K,Bebidas,265,252,0
2025-08-18,Almacén Centro,Cliente K,Limpieza,67,56,0
2025-08-19,Almacén Norte,Cliente U,Bebidas,5,4,0
2025-08-19,Almacén Centro,Cliente I,Botanas,319,304,0
2025-08-19,Almacén Sur,Cliente G,Higiene,78,75,0
2025-08-19,Almacén Centro,Cliente I,Botanas,118,116,0
2025-08-19,Almacén Centro,Cliente N,Higiene,182,157,67
2025-08-19,Almacén Norte,Cliente O,Abarrotes,125,107,0
2025-08-19,Almacén Sur,Cliente F,Abarrotes,396,394,0
2025-08-20,Almacén Sur,Cliente K,Lácteos,277,212,0
2025-08-20,Almacén Pacífico,Cliente Y,Limpieza,84,71,0
2025-08-20,Almacén Sur,Cliente T,Lácteos,198,170,0
2025-08-20,Almacén Sur,Cliente G,Limpieza,263,245,0
2025-08-20,Almacén Centro,Cliente K,Higiene,296,258,0
2025-08-21,Almacén Pacífico,Cliente K,Abarrotes,96,84,0
2025-08-21,Almacén Centro,Cliente G,Lácteos,113,104,0
2025-08-21,Almacén Pacífico,Cliente D,Botanas,396,379,0
2025-08-21,Almacén Centro,Cliente N,Limpieza,170,168,0
2025-08-21,Almacén Sur,Cliente U,Botanas,219,181,0
2025-08-22,Almacén Pacífico,Cliente G,Botanas,290,221,0
2025-08-22,Almacén Pacífico,Cliente I,Abarrotes,56,55,0
2025-08-22,Almacén Sur,Cliente B,Bebidas,125,111,18
2025-08-22,Almacén Centro,Cliente P,Bebidas,291,208,0
2025-08-22,Almacén Centro,Cliente D,Abarrotes,187,179,0
2025-08-23,Almacén Pacífico,Cliente A,Higiene,244,177,0
2025-08-23,Almacén Pacífico,Cliente D,Limpieza,268,225,0
2025-08-23,Almacén Centro,Cliente P,Botanas,144,117,0
2025-08-23,Almacén Norte,Cliente K,Limpieza,216,212,57
2025-08-24,Almacén Norte,Cliente I,Bebidas,312,305,0
2025-08-24,Almacén Norte,Cliente U,Limpieza,300,264,0
2025-08-24,Almacén Pacífico,Cliente U,Bebidas,341,305,0
2025-08-24,Almacén Sur,Cliente L,Abarrotes,270,250,0
2025-08-25,Almacén Sur,Cliente X,Bebidas,100,81,0
2025-08-25,Almacén Norte,Cliente B,Botanas,34,33,0
2025-08-25,Almacén Pacífico,Cliente L,Bebidas,83,61,0
2025-08-25,Almacén Centro,Cliente U,Higiene,368,347,0
2025-08-25,Almacén Norte,Cliente J,Lácteos,25,24,0
2025-08-26,Almacén Sur,Cliente K,Botanas,399,315,187
2025-08-26,Almacén Sur,Cliente I,Bebidas,39,32,0
2025-08-26,Almacén Sur,Cliente X,Higiene,244,234,0
2025-08-26,Almacén Pacífico,Cliente B,Lácteos,296,244,0
2025-08-26,Almacén Sur,Cliente Y,Higiene,142,122,0
2025-08-27,Almacén Pacífico,Cliente A,Abarrotes,79,57,39
2025-08-27,Almacén Norte,Cliente L,Bebidas,257,248,0
2025-08-27,Almacén Sur,Cliente A,Lácteos,115,97,0
2025-08-27,Almacén Centro,Cliente W,Bebidas,25,23,0
2025-08-27,Almacén Centro,Cliente M,Limpieza,162,161,0
2025-08-27,Almacén Centro,Cliente J,Limpieza,299,236,0
2025-08-27,Almacén Pacífico,Cliente L,Lácteos,74,69,0
2025-08-28,Almacén Centro,Cliente B,Limpieza,184,133,0
2025-08-28,Almacén Pacífico,Cliente U,Bebidas,291,271,0
2025-08-28,Almacén Pacífico,Cliente V,Lácteos,113,96,11
2025-08-28,Almacén Norte,Cliente K,Higiene,123,98,0
2025-08-28,Almacén Pacífico,Cliente A,Lácteos,344,307,0
2025-08-28,Almacén Pacífico,Cliente U,Lácteos,219,203,0
2025-08-29,Almacén Centro,Cliente I,Lácteos,6,4,0
2025-08-29,Almacén Sur,Cliente X,Lácteos,42,36,0
2025-08-29,Almacén Centro,Cliente K,Botanas,164,156,0
2025-08-29,Almacén Pacífico,Cliente K,Abarrotes,397,305,0
2025-08-29,Almacén Pacífico,Cliente X,Limpieza,208,206,0
2025-08-30,Almacén Norte,Cliente L,Abarrotes,190,184,0
2025-08-30,Almacén Norte,Cliente S,Abarrotes,238,182,0
2025-08-30,Almacén Sur,Cliente I,Bebidas,290,278,0
2025-08-30,Almacén Sur,Cliente K,Botanas,117,97,0
2025-08-30,Almacén Pacífico,Cliente K,Lácteos,378,272,0
2025-08-31,Almacén Centro,Cliente U,Abarrotes,46,38,0
2025-08-31,Almacén Norte,Cliente P,Botanas,61,44,0
2025-08-31,Almacén Centro,Cliente P,Bebidas,246,190,0
2025-09-01,Almacén Pacífico,Cliente K,Abarrotes,319,269,0
2025-09-01,Almacén Sur,Cliente T,Abarrotes,261,195,0
2025-09-01,Almacén Pacífico,Cliente J,Lácteos,269,208,0
2025-09-01,Almacén Norte,Cliente K,Bebidas,78,77,0
2025-09-02,Almacén Norte,Cliente K,Lácteos,108,94,16
2025-09-02,Almacén Pacífico,Cliente N,Lácteos,111,108,0
2025-09-02,Almacén Pacífico,Cliente J,Abarrotes,398,324,0
2025-09-02,Almacén Centro,Cliente L,Bebidas,208,154,0
2025-09-02,Almacén Sur,Cliente K,Limpieza,42,34,0
2025-09-03,Almacén Norte,Cliente N,Bebidas,110,85,0
2025-09-03,Almacén Pacífico,Cliente K,Limpieza,347,271,0
2025-09-03,Almacén Pacífico,Cliente K,Higiene,119,89,45
2025-09-03,Almacén Pacífico,Cliente K,Limpieza,182,146,0
2025-09-03,Almacén Norte,Cliente Y,Bebidas,19,14,7
2025-09-03,Almacén Sur,Cliente B,Bebidas,217,194,0
2025-09-03,Almacén Sur,Cliente I,Lácteos,357,263,0
2025-09-04,Almacén Norte,Cliente H,Abarrotes,156,152,0
2025-09-04,Almacén Centro,Cliente K,Limpieza,246,179,0
2025-09-04,Almacén Centro,Cliente I,Bebidas,99,93,18
2025-09-04,Almacén Sur,Cliente I,Higiene,198,143,0
2025-09-05,Almacén Pacífico,Cliente K,Bebidas,340,296,0
2025-09-05,Almacén Pacífico,Cliente K,Higiene,267,256,0
2025-09-05,Almacén Centro,Cliente B,Bebidas,202,156,0
2025-09-05,Almacén Centro,Cliente G,Abarrotes,210,174,0
2025-09-05,Almacén Centro,Cliente X,Abarrotes,119,114,0
2025-09-05,Almacén Norte,Cliente U,Higiene,76,68,0
2025-09-05,Almacén Pacífico,Cliente U,Bebidas,268,223,0
2025-09-06,Almacén Pacífico,Cliente U,Botanas,116,113,0
2025-09-06,Almacén Pacífico,Cliente K,Abarrotes,239,217,0
2025-09-06,Almacén Norte,Cliente T,Abarrotes,367,273,0
2025-09-07,Almacén Pacífico,Cliente K,Abarrotes,367,353,0
2025-09-07,Almacén Centro,Cliente T,Higiene,74,62,19
2025-09-07,Almacén Pacífico,Cliente K,Botanas,344,256,0
2025-09-07,Almacén Norte,Cliente D,Lácteos,272,231,0
2025-09-07,Almacén Centro,Cliente L,Abarrotes,311,288,0
2025-09-07,Almacén Centro,Cliente A,Abarrotes,178,131,0
2025-09-08,Almacén Norte,Cliente B,Bebidas,65,62,0
2025-09-08,Almacén Norte,Cliente N,Higiene,103,87,0
2025-09-08,Almacén Sur,Cliente U,Limpieza,35,25,5
2025-09-09,Almacén Norte,Cliente P,Lácteos,163,122,0
2025-09-09,Almacén Centro,Cliente D,Higiene,56,45,0
2025-09-09,Almacén Centro,Cliente A,Limpieza,269,204,0
2025-09-09,Almacén Centro,Cliente L,Lácteos,302,276,173
2025-09-09,Almacén Sur,Cliente K,Botanas,105,88,0
2025-09-09,Almacén Norte,Cliente A,Lácteos,109,95,48
2025-09-09,Almacén Norte,Cliente I,Limpieza,123,113,0
2025-09-09,Almacén Centro,Cliente K,Lácteos,170,122,47
2025-09-09,Almacén Norte,Cliente G,Lácteos,44,35,0
2025-09-09,Almacén Sur,Cliente X,Botanas,253,195,0
2025-09-10,Almacén Norte,Cliente K,Limpieza,78,69,0
2025-09-10,Almacén Centro,Cliente H,Abarrotes,211,175,0
2025-09-10,Almacén Sur,Cliente N,Abarrotes,95,72,0
2025-09-10,Almacén Centro,Cliente A,Limpieza,234,188,122
2025-09-11,Almacén Sur,Cliente H,Lácteos,240,202,0
2025-09-11,Almacén Sur,Cliente L,Limpieza,318,294,0
2025-09-11,Almacén Sur,Cliente I,Limpieza,55,40,0
2025-09-11,Almacén Sur,Cliente L,Limpieza,268,244,0
2025-09-11,Almacén Pacífico,Cliente N,Limpieza,57,46,0
2025-09-11,Almacén Norte,Cliente W,Lácteos,313,222,0
2025-09-12,Almacén Centro,Cliente L,Abarrotes,64,49,0
2025-09-12,Almacén Norte,Cliente B,Higiene,332,266,0
2025-09-12,Almacén Norte,Cliente B,Higiene,172,153,0
2025-09-12,Almacén Sur,Cliente T,Abarrotes,81,74,0
2025-09-12,Almacén Pacífico,Cliente K,Higiene,21,18,0
2025-09-13,Almacén Centro,Cliente K,Abarrotes,168,121,0
2025-09-13,Almacén Centro,Cliente D,Abarrotes,30,26,0
2025-09-13,Almacén Pacífico,Cliente S,Bebidas,265,258,0
2025-09-13,Almacén Sur,Cliente T,Botanas,21,20,8
2025-09-13,Almacén Norte,Cliente U,Botanas,69,59,0
2025-09-13,Almacén Sur,Cliente U,Abarrotes,266,201,53
2025-09-13,Almacén Norte,Cliente B,Limpieza,96,70,28
2025-09-14,Almacén Sur,Cliente K,Lácteos,237,231,0
2025-09-15,Almacén Centro,Cliente N,Bebidas,137,109,0
2025-09-15,Almacén Sur,Cliente U,Lácteos,112,79,0
2025-09-15,Almacén Sur,Cliente Y,Bebidas,226,218,0
2025-09-15,Almacén Pacífico,Cliente X,Limpieza,88,76,0
2025-09-15,Almacén Sur,Cliente K,Botanas,51,45,0
2025-09-15,Almacén Norte,Cliente U,Higiene,105,77,0
2025-09-16,Almacén Sur,Cliente K,Botanas,357,282,71
2025-09-16,Almacén Sur,Cliente B,Bebidas,34,33,0
2025-09-16,Almacén Centro,Cliente I,Abarrotes,217,188,0
2025-09-16,Almacén Norte,Cliente K,Bebidas,314,258,47
2025-09-16,Almacén Norte,Cliente B,Lácteos,86,75,0
2025-09-17,Almacén Sur,Cliente J,Botanas,115,88,0
2025-09-17,Almacén Sur,Cliente A,Abarrotes,362,307,0
2025-09-17,Almacén Pacífico,Cliente L,Lácteos,324,302,0
2025-09-17,Almacén Centro,Cliente B,Bebidas,235,225,0
2025-09-18,Almacén Pacífico,Cliente A,Limpieza,125,93,0
2025-09-18,Almacén Centro,Cliente I,Higiene,61,51,0
2025-09-18,Almacén Norte,Cliente K,Limpieza,304,279,0
2025-09-18,Almacén Centro,Cliente B,Limpieza,116,96,0
2025-09-18,Almacén Sur,Cliente K,Bebidas,384,373,128
2025-09-18,Almacén Pacífico,Cliente K,Lácteos,398,334,77
2025-09-19,Almacén Pacífico,Cliente I,Abarrotes,168,164,0
2025-09-19,Almacén Centro,Cliente X,Limpieza,327,297,0
2025-09-19,Almacén Sur,Cliente D,Bebidas,286,285,0
2025-09-19,Almacén Centro,Cliente Y,Limpieza,240,236,0
2025-09-19,Almacén Sur,Cliente D,Abarrotes,229,207,0
2025-09-19,Almacén Norte,Cliente U,Higiene,197,196,0
2025-09-19,Almacén Sur,Cliente T,Limpieza,63,61,0
2025-09-19,Almacén Centro,Cliente T,Higiene,349,301,0
2025-09-20,Almacén Norte,Cliente X,Abarrotes,139,125,0
2025-09-20,Almacén Norte,Cliente N,Lácteos,162,120,0
2025-09-20,Almacén Sur,Cliente H,Lácteos,14,11,0
2025-09-20,Almacén Sur,Cliente U,Higiene,65,50,0
2025-09-20,Almacén Sur,Cliente B,Higiene,193,192,0
2025-09-20,Almacén Centro,Cliente T,Limpieza,166,118,0
2025-09-20,Almacén Pacífico,Cliente V,Lácteos,45,44,0
2025-09-20,Almacén Pacífico,Cliente K,Lácteos,168,129,0
2025-09-21,Almacén Centro,Cliente I,Botanas,42,41,0
2025-09-21,Almacén Pacífico,Cliente I,Bebidas,297,216,0
2025-09-21,Almacén Centro,Cliente D,Lácteos,23,20,0
2025-09-22,Almacén Pacífico,Cliente L,Bebidas,231,229,0
2025-09-22,Almacén Centro,Cliente J,Lácteos,339,327,0
2025-09-22,Almacén Centro,Cliente D,Limpieza,326,270,0
2025-09-22,Almacén Centro,Cliente F,Higiene,44,35,0
2025-09-22,Almacén Sur,Cliente J,Abarrotes,312,250,0
2025-09-22,Almacén Sur,Cliente R,Bebidas,356,293,99
2025-09-22,Almacén Centro,Cliente I,Botanas,31,27,10
2025-09-22,Almacén Norte,Cliente A,Botanas,134,116,0
2025-09-22,Almacén Sur,Cliente Y,Bebidas,239,191,0
2025-09-23,Almacén Norte,Cliente Y,Limpieza,385,378,0
2025-09-23,Almacén Norte,Cliente L,Lácteos,355,322,116
2025-09-23,Almacén Centro,Cliente B,Botanas,347,251,0
2025-09-23,Almacén Norte,Cliente J,Higiene,72,62,0
2025-09-24,Almacén Norte,Cliente J,Lácteos,48,46,0
2025-09-24,Almacén Pacífico,Cliente N,Lácteos,33,26,0
2025-09-24,Almacén Centro,Cliente J,Abarrotes,135,130,0
2025-09-24,Almacén Pacífico,Cliente J,Abarrotes,50,41,24
2025-09-24,Almacén Pacífico,Cliente K,Bebidas,187,173,0
2025-09-24,Almacén Centro,Cliente A,Higiene,173,171,0
2025-09-24,Almacén Norte,Cliente K,Botanas,369,297,120
2025-09-24,Almacén Pacífico,Cliente I,Botanas,372,323,0
2025-09-25,Almacén Sur,Cliente N,Botanas,301,288,44
2025-09-25,Almacén Sur,Cliente K,Botanas,248,180,127
2025-09-25,Almacén Centro,Cliente L,Botanas,174,156,0
2025-09-25,Almacén Sur,Cliente U,Higiene,186,145,0
2025-09-25,Almacén Norte,Cliente U,Higiene,211,153,0
2025-09-25,Almacén Centro,Cliente T,Bebidas,54,48,0
2025-09-26,Almacén Norte,Cliente A,Lácteos,271,235,0
2025-09-26,Almacén Pacífico,Cliente K,Higiene,140,136,0
2025-09-26,Almacén Norte,Cliente U,Lácteos,305,217,0
2025-09-26,Almacén Centro,Cliente K,Higiene,391,350,0
2025-09-26,Almacén Norte,Cliente I,Botanas,200,183,0
2025-09-27,Almacén Pacífico,Cliente W,Lácteos,397,348,0
2025-09-27,Almacén Centro,Cliente R,Abarrotes,201,191,104
2025-09-27,Almacén Centro,Cliente L,Abarrotes,102,93,0
2025-09-27,Almacén Norte,Cliente P,Botanas,6,4,0
2025-09-27,Almacén Norte,Cliente N,Lácteos,374,277,0
2025-09-27,Almacén Sur,Cliente X,Lácteos,49,35,0
2025-09-27,Almacén Pacífico,Cliente K,Botanas,352,313,0
2025-09-28,Almacén Norte,Cliente K,Higiene,82,67,0
2025-09-28,Almacén Pacífico,Cliente H,Abarrotes,237,178,0
2025-09-28,Almacén Sur,Cliente J,Botanas,218,208,0
2025-09-28,Almacén Centro,Cliente H,Abarrotes,263,234,0
2025-09-28,Almacén Pacífico,Cliente K,Abarrotes,84,64,27
2025-09-29,Almacén Norte,Cliente D,Abarrotes,161,112,0
2025-09-29,Almacén Pacífico,Cliente D,Bebidas,167,164,82
2025-09-30,Almacén Norte,Cliente I,Bebidas,312,239,101
2025-09-30,Almacén Sur,Cliente K,Limpieza,254,250,0
2025-09-30,Almacén Norte,Cliente Y,Limpieza,178,158,0
2025-09-30,Almacén Centro,Cliente J,Abarrotes,43,36,0
2025-09-30,Almacén Centro,Cliente D,Limpieza,310,286,0
2025-09-30,Almacén Pacífico,Cliente L,Limpieza,353,343,0
2025-09-30,Almacén Centro,Cliente I,Abarrotes,202,191,89
2025-09-30,Almacén Sur,Cliente X,Limpieza,44,31,0
2025-10-01,Almacén Norte,Cliente K,Botanas,254,205,0
2025-10-01,Almacén Norte,Cliente T,Abarrotes,353,264,106
2025-10-01,Almacén Centro,Cliente J,Higiene,189,147,86
2025-10-01,Almacén Sur,Cliente B,Higiene,340,262,0
2025-10-01,Almacén Centro,Cliente T,Lácteos,204,154,95
2025-10-01,Almacén Sur,Cliente Y,Abarrotes,306,293,0
2025-10-02,Almacén Pacífico,Cliente K,Limpieza,198,197,23
2025-10-02,Almacén Pacífico,Cliente T,Botanas,336,294,0
2025-10-02,Almacén Norte,Cliente J,Abarrotes,170,146,0
2025-10-02,Almacén Centro,Cliente J,Botanas,175,159,80
2025-10-02,Almacén Sur,Cliente K,Botanas,56,43,0
2025-10-02,Almacén Norte,Cliente W,Limpieza,207,160,0
2025-10-02,Almacén Centro,Cliente I,Abarrotes,375,300,0
2025-10-02,Almacén Centro,Cliente W,Limpieza,195,172,0
2025-10-02,Almacén Pacífico,Cliente U,Abarrotes,377,327,211
2025-10-02,Almacén Pacífico,Cliente W,Higiene,312,266,0
2025-10-03,Almacén Pacífico,Cliente A,Abarrotes,212,178,0
2025-10-03,Almacén Centro,Cliente I,Botanas,152,108,84
2025-10-04,Almacén Pacífico,Cliente T,Bebidas,396,308,84
2025-10-04,Almacén Sur,Cliente B,Higiene,144,142,0
2025-10-04,Almacén Centro,Cliente D,Abarrotes,40,28,0
2025-10-04,Almacén Pacífico,Cliente J,Bebidas,146,116,0
2025-10-04,Almacén Sur,Cliente A,Limpieza,194,191,0
2025-10-04,Almacén Norte,Cliente J,Bebidas,390,340,0
2025-10-04,Almacén Centro,Cliente A,Abarrotes,219,201,0
2025-10-05,Almacén Centro,Cliente L,Botanas,346,292,0
2025-10-05,Almacén Pacífico,Cliente G,Bebidas,277,223,0
2025-10-05,Almacén Centro,Cliente L,Botanas,352,295,0
2025-10-05,Almacén Pacífico,Cliente Q,Limpieza,397,388,0
2025-10-05,Almacén Sur,Cliente X,Limpieza,147,110,0
2025-10-05,Almacén Sur,Cliente U,Botanas,283,258,73
2025-10-05,Almacén Sur,Cliente U,Bebidas,131,127,0
2025-10-05,Almacén Norte,Cliente X,Limpieza,176,132,0
2025-10-05,Almacén Norte,Cliente N,Botanas,8,7,0
2025-10-06,Almacén Sur,Cliente K,Abarrotes,10,9,0
2025-10-06,Almacén Norte,Cliente D,Bebidas,26,23,0
2025-10-06,Almacén Centro,Cliente K,Abarrotes,334,277,0
2025-10-06,Almacén Sur,Cliente K,Limpieza,309,246,0
2025-10-06,Almacén Sur,Cliente A,Higiene,279,278,0
2025-10-06,Almacén Norte,Cliente I,Lácteos,394,356,134
2025-10-06,Almacén Norte,Cliente U,Limpieza,300,259,0
2025-10-07,Almacén Centro,Cliente X,Botanas,272,216,0
2025-10-07,Almacén Centro,Cliente H,Abarrotes,80,66,0
2025-10-07,Almacén Centro,Cliente B,Limpieza,361,290,0
2025-10-07,Almacén Norte,Cliente A,Higiene,20,19,0
2025-10-07,Almacén Pacífico,Cliente P,Botanas,236,179,0
2025-10-07,Almacén Norte,Cliente L,Lácteos,398,387,187
2025-10-07,Almacén Sur,Cliente J,Botanas,262,211,0
2025-10-08,Almacén Norte,Cliente U,Lácteos,368,269,0
2025-10-08,Almacén Pacífico,Cliente Y,Higiene,105,83,0
2025-10-08,Almacén Pacífico,Cliente J,Botanas,182,128,0
2025-10-08,Almacén Sur,Cliente K,Bebidas,327,290,0
2025-10-08,Almacén Norte,Cliente W,Botanas,271,266,0
2025-10-08,Almacén Sur,Cliente K,Higiene,226,175,0
2025-10-09,Almacén Pacífico,Cliente I,Abarrotes,346,306,0
2025-10-09,Almacén Sur,Cliente I,Higiene,372,260,0
2025-10-09,Almacén Centro,Cliente L,Limpieza,384,373,0
2025-10-09,Almacén Norte,Cliente K,Abarrotes,368,295,0
2025-10-10,Almacén Norte,Cliente U,Abarrotes,126,92,0
2025-10-10,Almacén Norte,Cliente D,Higiene,246,183,0
2025-10-10,Almacén Pacífico,Cliente Y,Bebidas,385,342,0
2025-10-10,Almacén Norte,Cliente K,Limpieza,130,113,0
2025-10-10,Almacén Sur,Cliente L,Bebidas,385,356,0
2025-10-10,Almacén Norte,Cliente U,Bebidas,388,337,0
2025-10-10,Almacén Centro,Cliente N,Abarrotes,130,114,0
2025-10-10,Almacén Sur,Cliente B,Botanas,373,344,0
2025-10-11,Almacén Norte,Cliente U,Lácteos,25,23,0
2025-10-12,Almacén Norte,Cliente B,Limpieza,138,117,0
2025-10-12,Almacén Sur,Cliente A,Limpieza,8,7,4
2025-10-12,Almacén Norte,Cliente J,Bebidas,87,67,0
2025-10-12,Almacén Pacífico,Cliente K,Higiene,133,127,0
2025-10-12,Almacén Sur,Cliente K,Botanas,58,41,13
2025-10-13,Almacén Sur,Cliente D,Higiene,290,263,0
2025-10-13,Almacén Norte,Cliente S,Higiene,64,49,0
2025-10-13,Almacén Centro,Cliente B,Higiene,255,241,0
2025-10-13,Almacén Sur,Cliente W,Bebidas,69,49,0
2025-10-13,Almacén Sur,Cliente K,Lácteos,129,120,0
2025-10-13,Almacén Sur,Cliente K,Botanas,203,199,0
2025-10-13,Almacén Pacífico,Cliente W,Bebidas,146,144,0
2025-10-13,Almacén Sur,Cliente H,Higiene,201,190,0
2025-10-13,Almacén Pacífico,Cliente K,Abarrotes,215,177,0
2025-10-14,Almacén Pacífico,Cliente U,Bebidas,272,196,0
2025-10-14,Almacén Sur,Cliente K,Abarrotes,105,104,0
2025-10-14,Almacén Centro,Cliente H,Higiene,301,279,0
2025-10-14,Almacén Sur,Cliente A,Bebidas,117,96,0
2025-10-14,Almacén Sur,Cliente I,Limpieza,117,109,0
2025-10-14,Almacén Norte,Cliente T,Abarrotes,233,203,0
2025-10-14,Almacén Pacífico,Cliente B,Abarrotes,276,196,0
2025-10-14,Almacén Sur,Cliente X,Limpieza,252,191,0
2025-10-14,Almacén Norte,Cliente J,Limpieza,75,57,0
2025-10-15,Almacén Sur,Cliente S,Higiene,139,137,0
2025-10-15,Almacén Pacífico,Cliente U,Abarrotes,333,317,0
2025-10-15,Almacén Pacífico,Cliente W,Lácteos,63,62,0
2025-10-15,Almacén Pacífico,Cliente J,Higiene,291,271,0
2025-10-15,Almacén Sur,Cliente K,Bebidas,337,241,0
2025-10-15,Almacén Pacífico,Cliente B,Abarrotes,261,229,0
2025-10-16,Almacén Norte,Cliente B,Lácteos,319,316,0
2025-10-16,Almacén Sur,Cliente I,Lácteos,191,188,0
2025-10-16,Almacén Sur,Cliente J,Abarrotes,192,146,0
2025-10-16,Almacén Centro,Cliente B,Bebidas,249,188,0
2025-10-16,Almacén Sur,Cliente K,Lácteos,25,23,7
2025-10-17,Almacén Pacífico,Cliente J,Lácteos,313,234,139
2025-10-17,Almacén Pacífico,Cliente G,Abarrotes,40,35,0
2025-10-17,Almacén Centro,Cliente K,Higiene,133,119,0
2025-10-17,Almacén Sur,Cliente B,Bebidas,346,332,0
2025-10-17,Almacén Norte,Cliente N,Botanas,211,159,0
2025-10-18,Almacén Sur,Cliente L,Abarrotes,60,42,0
2025-10-18,Almacén Sur,Cliente D,Abarrotes,60,52,0
2025-10-18,Almacén Sur,Cliente L,Botanas,351,327,0
2025-10-18,Almacén Norte,Cliente G,Higiene,111,89,0
2025-10-18,Almacén Centro,Cliente Y,Bebidas,248,178,0
2025-10-18,Almacén Centro,Cliente T,Limpieza,381,267,0
2025-10-18,Almacén Pacífico,Cliente N,Bebidas,216,167,0
2025-10-19,Almacén Sur,Cliente D,Higiene,19,16,0
2025-10-19,Almacén Norte,Cliente N,Limpieza,301,227,0
2025-10-19,Almacén Centro,Cliente I,Limpieza,399,301,0
2025-10-19,Almacén Norte,Cliente I,Abarrotes,141,118,0
2025-10-19,Almacén Centro,Cliente Y,Abarrotes,65,45,0
2025-10-19,Almacén Sur,Cliente I,Bebidas,62,58,21
2025-10-20,Almacén Centro,Cliente Y,Lácteos,344,343,0
2025-10-20,Almacén Centro,Cliente I,Lácteos,45,41,0
2025-10-20,Almacén Pacífico,Cliente B,Lácteos,65,60,0
2025-10-20,Almacén Sur,Cliente B,Limpieza,310,309,69
2025-10-20,Almacén Pacífico,Cliente I,Bebidas,218,215,0
2025-10-20,Almacén Norte,Cliente U,Botanas,192,182,0
2025-10-20,Almacén Centro,Cliente K,Lácteos,264,250,0
2025-10-21,Almacén Sur,Cliente K,Higiene,182,165,0
2025-10-21,Almacén Sur,Cliente L,Bebidas,332,277,0
2025-10-21,Almacén Pacífico,Cliente D,Botanas,247,234,0
2025-10-21,Almacén Pacífico,Cliente L,Bebidas,261,198,0
2025-10-22,Almacén Norte,Cliente O,Limpieza,156,128,0
2025-10-22,Almacén Centro,Cliente B,Abarrotes,14,13,0
2025-10-22,Almacén Sur,Cliente K,Abarrotes,122,94,0
2025-10-22,Almacén Pacífico,Cliente K,Botanas,15,14,0
2025-10-22,Almacén Norte,Cliente I,Botanas,314,293,0
2025-10-23,Almacén Centro,Cliente W,Higiene,110,99,51
2025-10-23,Almacén Centro,Cliente K,Lácteos,303,299,0
2025-10-23,Almacén Centro,Cliente K,Higiene,359,342,0
2025-10-23,Almacén Centro,Cliente K,Botanas,54,38,0
2025-10-23,Almacén Pacífico,Cliente K,Abarrotes,82,61,0
2025-10-23,Almacén Norte,Cliente G,Lácteos,40,28,0
2025-10-23,Almacén Norte,Cliente K,Lácteos,319,234,0
2025-10-23,Almacén Norte,Cliente P,Bebidas,219,178,0
2025-10-23,Almacén Centro,Cliente I,Bebidas,127,117,0
2025-10-24,Almacén Sur,Cliente N,Bebidas,393,289,0
2025-10-24,Almacén Norte,Cliente X,Higiene,212,208,0
2025-10-24,Almacén Norte,Cliente U,Lácteos,98,74,0
2025-10-24,Almacén Centro,Cliente J,Higiene,322,312,0
2025-10-25,Almacén Sur,Cliente U,Limpieza,120,109,0
2025-10-25,Almacén Norte,Cliente A,Botanas,173,154,0
2025-10-25,Almacén Pacífico,Cliente Y,Higiene,267,205,0
2025-10-26,Almacén Centro,Cliente L,Lácteos,250,201,0
2025-10-26,Almacén Centro,Cliente W,Botanas,340,277,0
2025-10-26,Almacén Norte,Cliente B,Botanas,323,318,0
2025-10-26,Almacén Centro,Cliente K,Limpieza,207,173,0
2025-10-26,Almacén Centro,Cliente L,Lácteos,149,145,0
2025-10-26,Almacén Pacífico,Cliente K,Bebidas,367,350,142
2025-10-26,Almacén Centro,Cliente I,Bebidas,60,58,0
2025-10-26,Almacén Sur,Cliente K,Abarrotes,163,127,0
2025-10-27,Almacén Sur,Cliente W,Limpieza,354,253,109
2025-10-28,Almacén Norte,Cliente O,Abarrotes,44,43,0
2025-10-28,Almacén Pacífico,Cliente Y,Bebidas,373,355,0
2025-10-28,Almacén Pacífico,Cliente W,Lácteos,101,95,0
2025-10-28,Almacén Pacífico,Cliente Y,Abarrotes,381,302,0
2025-10-28,Almacén Centro,Cliente L,Botanas,9,7,0
2025-10-29,Almacén Centro,Cliente Y,Bebidas,18,16,9
2025-10-29,Almacén Norte,Cliente A,Abarrotes,210,172,0
2025-10-29,Almacén Pacífico,Cliente B,Bebidas,250,194,0
2025-10-29,Almacén Pacífico,Cliente J,Abarrotes,26,23,0
2025-10-30,Almacén Norte,Cliente U,Lácteos,241,189,0
2025-10-30,Almacén Centro,Cliente W,Bebidas,398,354,0
2025-10-30,Almacén Sur,Cliente S,Higiene,388,337,0
2025-10-30,Almacén Pacífico,Cliente H,Abarrotes,107,85,0
2025-10-30,Almacén Pacífico,Cliente G,Lácteos,139,105,0
2025-10-30,Almacén Sur,Cliente A,Lácteos,220,200,0
2025-10-30,Almacén Pacífico,Cliente V,Lácteos,333,305,0
2025-10-31,Almacén Sur,Cliente L,Abarrotes,270,223,0
2025-10-31,Almacén Centro,Cliente L,Lácteos,13,12,0
2025-10-31,Almacén Sur,Cliente D,Abarrotes,339,255,0
2025-10-31,Almacén Centro,Cliente U,Higiene,155,118,0
2025-10-31,Almacén Sur,Cliente I,Bebidas,124,116,0
2025-10-31,Almacén Norte,Cliente A,Botanas,117,93,0
2025-10-31,Almacén Centro,Cliente L,Abarrotes,326,307,0
2025-11-01,Almacén Sur,Cliente B,Bebidas,310,265,0
2025-11-01,Almacén Pacífico,Cliente N,Bebidas,249,220,0
2025-11-01,Almacén Sur,Cliente B,Abarrotes,363,269,0
2025-11-01,Almacén Sur,Cliente K,Bebidas,74,73,0
2025-11-01,Almacén Pacífico,Cliente A,Limpieza,84,71,0
2025-11-02,Almacén Pacífico,Cliente D,Higiene,140,107,26
2025-11-02,Almacén Centro,Cliente D,Limpieza,296,282,0
2025-11-03,Almacén Centro,Cliente W,Botanas,93,71,0
2025-11-03,Almacén Centro,Cliente K,Abarrotes,204,168,0
2025-11-03,Almacén Norte,Cliente R,Botanas,60,45,0
2025-11-03,Almacén Pacífico,Cliente L,Abarrotes,241,197,0
2025-11-03,Almacén Norte,Cliente G,Higiene,309,308,0
2025-11-03,Almacén Sur,Cliente S,Botanas,167,126,0
2025-11-04,Almacén Centro,Cliente I,Limpieza,317,261,0
2025-11-04,Almacén Pacífico,Cliente D,Lácteos,264,253,0
2025-11-04,Almacén Centro,Cliente A,Botanas,211,205,0
2025-11-04,Almacén Pacífico,Cliente K,Abarrotes,365,312,114
2025-11-04,Almacén Sur,Cliente A,Lácteos,305,218,157
2025-11-04,Almacén Centro,Cliente A,Higiene,343,300,0
2025-11-04,Almacén Sur,Cliente A,Abarrotes,160,137,82
2025-11-05,Almacén Sur,Cliente B,Botanas,63,49,0
2025-11-05,Almacén Norte,Cliente T,Abarrotes,317,258,0
2025-11-05,Almacén Norte,Cliente X,Higiene,285,203,140
2025-11-05,Almacén Norte,Cliente D,Botanas,50,45,0
2025-11-05,Almacén Sur,Cliente B,Lácteos,252,207,0
2025-11-06,Almacén Centro,Cliente Y,Limpieza,135,109,0
2025-11-06,Almacén Pacífico,Cliente K,Bebidas,17,14,0
2025-11-06,Almacén Pacífico,Cliente A,Limpieza,148,147,0
2025-11-06,Almacén Centro,Cliente N,Abarrotes,346,266,0
2025-11-06,Almacén Centro,Cliente K,Higiene,51,48,0
2025-11-07,Almacén Norte,Cliente U,Lácteos,289,214,0
2025-11-07,Almacén Pacífico,Cliente O,Abarrotes,99,88,0
2025-11-07,Almacén Sur,Cliente Y,Lácteos,223,192,40
2025-11-07,Almacén Sur,Cliente N,Botanas,352,261,0
2025-11-07,Almacén Pacífico,Cliente N,Lácteos,66,65,0
2025-11-07,Almacén Pacífico,Cliente L,Higiene,6,4,0
2025-11-07,Almacén Pacífico,Cliente U,Abarrotes,371,294,0
2025-11-07,Almacén Pacífico,Cliente A,Limpieza,138,134,0
2025-11-08,Almacén Sur,Cliente D,Bebidas,274,199,110
2025-11-08,Almacén Sur,Cliente K,Botanas,295,242,0
2025-11-08,Almacén Centro,Cliente K,Abarrotes,133,96,0
2025-11-08,Almacén Norte,Cliente G,Bebidas,355,335,0
2025-11-08,Almacén Sur,Cliente K,Limpieza,148,106,49
2025-11-08,Almacén Sur,Cliente U,Higiene,221,166,76
2025-11-08,Almacén Centro,Cliente T,Limpieza,395,288,0
2025-11-09,Almacén Centro,Cliente A,Limpieza,398,299,220
2025-11-09,Almacén Pacífico,Cliente D,Lácteos,263,215,0
2025-11-09,Almacén Sur,Cliente L,Abarrotes,71,51,18
2025-11-09,Almacén Norte,Cliente J,Botanas,297,261,0
2025-11-09,Almacén Centro,Cliente T,Limpieza,101,83,0
2025-11-09,Almacén Norte,Cliente D,Higiene,18,14,0
2025-11-09,Almacén Norte,Cliente K,Bebidas,136,122,0
2025-11-10,Almacén Pacífico,Cliente N,Botanas,343,243,0
2025-11-10,Almacén Norte,Cliente P,Botanas,102,98,15
2025-11-11,Almacén Centro,Cliente K,Higiene,118,88,0
2025-11-11,Almacén Sur,Cliente G,Higiene,189,140,0
2025-11-11,Almacén Pacífico,Cliente K,Lácteos,55,42,0
2025-11-11,Almacén Norte,Cliente F,Limpieza,303,281,0
2025-11-11,Almacén Norte,Cliente B,Botanas,342,301,0
2025-11-11,Almacén Sur,Cliente N,Higiene,40,39,0
2025-11-11,Almacén Norte,Cliente X,Bebidas,6,4,3
2025-11-12,Almacén Pacífico,Cliente B,Abarrotes,217,216,46
2025-11-12,Almacén Centro,Cliente N,Lácteos,136,129,0
2025-11-12,Almacén Pacífico,Cliente I,Abarrotes,338,266,0
2025-11-12,Almacén Pacífico,Cliente I,Limpieza,190,174,0
2025-11-12,Almacén Norte,Cliente K,Botanas,181,147,28
2025-11-12,Almacén Pacífico,Cliente O,Botanas,182,133,0
2025-11-13,Almacén Sur,Cliente K,Bebidas,182,143,0
2025-11-13,Almacén Pacífico,Cliente X,Bebidas,393,367,0
2025-11-13,Almacén Centro,Cliente N,Limpieza,11,8,3
2025-11-13,Almacén Norte,Cliente K,Higiene,257,186,0
2025-11-13,Almacén Sur,Cliente K,Lácteos,14,10,0
2025-11-14,Almacén Pacífico,Cliente A,Limpieza,145,111,0
2025-11-14,Almacén Norte,Cliente T,Abarrotes,82,81,45
2025-11-14,Almacén Norte,Cliente U,Limpieza,14,11,0
2025-11-14,Almacén Norte,Cliente I,Bebidas,140,115,0
2025-11-14,Almacén Centro,Cliente K,Lácteos,205,196,0
2025-11-14,Almacén Sur,Cliente Y,Abarrotes,159,126,0
2025-11-14,Almacén Sur,Cliente K,Lácteos,129,125,0
2025-11-14,Almacén Centro,Cliente L,Lácteos,119,89,0
2025-11-15,Almacén Sur,Cliente D,Bebidas,92,78,14
2025-11-15,Almacén Pacífico,Cliente F,Limpieza,104,101,0
2025-11-16,Almacén Centro,Cliente K,Abarrotes,273,193,0
2025-11-16,Almacén Sur,Cliente H,Abarrotes,259,240,0
2025-11-16,Almacén Pacífico,Cliente A,Lácteos,207,187,0
2025-11-16,Almacén Norte,Cliente A,Higiene,205,195,0
2025-11-17,Almacén Norte,Cliente L,Botanas,137,96,0
2025-11-17,Almacén Norte,Cliente L,Abarrotes,114,106,0
2025-11-17,Almacén Centro,Cliente D,Abarrotes,195,146,0
2025-11-17,Almacén Norte,Cliente F,Lácteos,94,74,0
2025-11-17,Almacén Pacífico,Cliente K,Bebidas,200,195,0
2025-11-18,Almacén Pacífico,Cliente D,Limpieza,349,300,0
2025-11-18,Almacén Norte,Cliente U,Botanas,103,91,0
2025-11-18,Almacén Centro,Cliente K,Lácteos,90,79,0
2025-11-18,Almacén Centro,Cliente G,Botanas,163,119,0
2025-11-18,Almacén Sur,Cliente I,Lácteos,135,129,0
2025-11-18,Almacén Sur,Cliente K,Limpieza,164,146,0
2025-11-18,Almacén Norte,Cliente U,Bebidas,24,17,0
2025-11-18,Almacén Centro,Cliente X,Lácteos,25,23,6
2025-11-19,Almacén Sur,Cliente I,Bebidas,131,122,0
2025-11-19,Almacén Norte,Cliente W,Limpieza,81,59,0
2025-11-19,Almacén Norte,Cliente X,Lácteos,372,359,0
2025-11-19,Almacén Sur,Cliente K,Bebidas,305,227,0
2025-11-19,Almacén Sur,Cliente I,Bebidas,287,286,0
2025-11-19,Almacén Sur,Cliente K,Lácteos,19,14,0
2025-11-19,Almacén Norte,Cliente I,Limpieza,216,187,61
2025-11-19,Almacén Norte,Cliente X,Lácteos,112,91,45
2025-11-19,Almacén Pacífico,Cliente K,Higiene,9,7,0
2025-11-20,Almacén Pacífico,Cliente X,Higiene,55,45,0
2025-11-20,Almacén Norte,Cliente U,Lácteos,316,269,0
2025-11-20,Almacén Pacífico,Cliente N,Lácteos,189,137,0
2025-11-20,Almacén Pacífico,Cliente A,Lácteos,179,128,58
2025-11-20,Almacén Norte,Cliente G,Botanas,7,4,0
2025-11-20,Almacén Sur,Cliente L,Lácteos,334,326,0
2025-11-21,Almacén Centro,Cliente K,Abarrotes,19,15,0
2025-11-21,Almacén Sur,Cliente Y,Higiene,332,245,0
2025-11-21,Almacén Sur,Cliente K,Bebidas,215,176,0
2025-11-21,Almacén Norte,Cliente I,Bebidas,29,27,0
2025-11-21,Almacén Norte,Cliente K,Botanas,383,355,0
2025-11-21,Almacén Norte,Cliente X,Botanas,283,249,0
2025-11-22,Almacén Centro,Cliente K,Higiene,203,162,0
2025-11-22,Almacén Pacífico,Cliente H,Limpieza,23,16,0
2025-11-22,Almacén Pacífico,Cliente J,Lácteos,175,158,0
2025-11-22,Almacén Pacífico,Cliente I,Bebidas,150,146,0
2025-11-22,Almacén Norte,Cliente L,Limpieza,357,337,0
2025-11-22,Almacén Pacífico,Cliente K,Botanas,308,238,139
2025-11-22,Almacén Centro,Cliente D,Higiene,200,146,0
2025-11-23,Almacén Pacífico,Cliente K,Limpieza,183,164,0
2025-11-23,Almacén Pacífico,Cliente K,Bebidas,40,35,0
2025-11-23,Almacén Norte,Cliente B,Lácteos,10,7,0
2025-11-23,Almacén Centro,Cliente D,Lácteos,308,266,0
2025-11-23,Almacén Centro,Cliente B,Lácteos,74,55,0
2025-11-23,Almacén Norte,Cliente K,Higiene,66,56,0
2025-11-23,Almacén Centro,Cliente K,Bebidas,185,184,0
2025-11-24,Almacén Pacífico,Cliente S,Botanas,178,141,0
2025-11-24,Almacén Centro,Cliente K,Bebidas,114,111,0
2025-11-24,Almacén Pacífico,Cliente X,Bebidas,184,160,0
2025-11-24,Almacén Norte,Cliente P,Abarrotes,51,41,0
2025-11-24,Almacén Norte,Cliente X,Higiene,299,279,0
2025-11-25,Almacén Pacífico,Cliente Y,Limpieza,300,232,0
2025-11-25,Almacén Norte,Cliente I,Higiene,229,169,0
2025-11-25,Almacén Centro,Cliente L,Bebidas,341,291,0
2025-11-25,Almacén Centro,Cliente N,Abarrotes,216,201,0
2025-11-25,Almacén Centro,Cliente G,Bebidas,64,54,0
2025-11-26,Almacén Centro,Cliente H,Higiene,336,302,0
2025-11-26,Almacén Centro,Cliente J,Bebidas,317,236,0
2025-11-26,Almacén Pacífico,Cliente K,Higiene,262,242,0
2025-11-26,Almacén Centro,Cliente K,Botanas,70,68,0
2025-11-26,Almacén Sur,Cliente A,Bebidas,240,207,0
2025-11-27,Almacén Norte,Cliente B,Lácteos,374,292,0
2025-11-27,Almacén Pacífico,Cliente K,Botanas,340,262,201
2025-11-27,Almacén Centro,Cliente K,Abarrotes,387,334,209
2025-11-27,Almacén Pacífico,Cliente G,Abarrotes,382,374,0
2025-11-27,Almacén Sur,Cliente G,Botanas,126,110,0
2025-11-27,Almacén Centro,Cliente W,Limpieza,131,99,0
2025-11-27,Almacén Centro,Cliente D,Botanas,256,246,0
2025-11-27,Almacén Centro,Cliente P,Botanas,349,251,0
2025-11-28,Almacén Pacífico,Cliente X,Lácteos,301,294,0
2025-11-28,Almacén Pacífico,Cliente N,Lácteos,267,220,0
2025-11-28,Almacén Norte,Cliente N,Limpieza,149,122,0
2025-11-28,Almacén Pacífico,Cliente U,Bebidas,6,4,2
2025-11-28,Almacén Pacífico,Cliente B,Botanas,325,296,94
2025-11-28,Almacén Sur,Cliente K,Lácteos,281,236,0
2025-11-28,Almacén Centro,Cliente Y,Limpieza,33,24,0
2025-11-28,Almacén Pacífico,Cliente B,Higiene,381,297,74
2025-11-28,Almacén Centro,Cliente A,Abarrotes,122,92,0
2025-11-29,Almacén Sur,Cliente G,Higiene,166,142,51
2025-11-29,Almacén Pacífico,Cliente A,Higiene,118,99,0
2025-11-29,Almacén Sur,Cliente K,Bebidas,36,26,21
2025-11-29,Almacén Norte,Cliente K,Bebidas,269,216,0
2025-11-29,Almacén Sur,Cliente D,Limpieza,313,244,0
2025-11-29,Almacén Sur,Cliente D,Limpieza,117,93,0
2025-11-29,Almacén Pacífico,Cliente T,Lácteos,384,328,0
2025-11-29,Almacén Norte,Cliente L,Higiene,312,297,0
2025-11-30,Almacén Pacífico,Cliente X,Limpieza,370,281,0
2025-11-30,Almacén Sur,Cliente W,Botanas,26,24,0
2025-11-30,Almacén Sur,Cliente S,Abarrotes,398,358,0
2025-11-30,Almacén Pacífico,Cliente L,Bebidas,234,225,0
2025-12-01,Almacén Pacífico,Cliente K,Bebidas,354,314,0
2025-12-01,Almacén Sur,Cliente S,Abarrotes,298,225,0
2025-12-01,Almacén Norte,Cliente K,Higiene,225,169,0
2025-12-01,Almacén Centro,Cliente N,Higiene,244,219,82
2025-12-02,Almacén Norte,Cliente D,Limpieza,117,94,0
2025-12-02,Almacén Norte,Cliente B,Bebidas,194,139,36
2025-12-02,Almacén Sur,Cliente K,Limpieza,87,85,0
2025-12-02,Almacén Pacífico,Cliente Y,Limpieza,229,172,0
2025-12-02,Almacén Centro,Cliente K,Botanas,321,298,0
2025-12-02,Almacén Pacífico,Cliente H,Bebidas,327,307,0
2025-12-02,Almacén Sur,Cliente D,Higiene,224,163,109
2025-12-03,Almacén Centro,Cliente T,Higiene,212,195,0
2025-12-03,Almacén Sur,Cliente K,Bebidas,347,342,0
2025-12-03,Almacén Centro,Cliente X,Botanas,293,248,0
2025-12-04,Almacén Centro,Cliente K,Limpieza,320,269,0
2025-12-04,Almacén Sur,Cliente X,Bebidas,90,77,0
2025-12-04,Almacén Centro,Cliente U,Botanas,52,39,0
2025-12-04,Almacén Centro,Cliente K,Higiene,109,92,0
2025-12-04,Almacén Pacífico,Cliente A,Limpieza,185,149,0
2025-12-04,Almacén Pacífico,Cliente K,Botanas,156,140,0
2025-12-05,Almacén Norte,Cliente V,Limpieza,362,277,0
2025-12-05,Almacén Centro,Cliente L,Botanas,299,223,0
2025-12-05,Almacén Centro,Cliente B,Botanas,272,248,0
2025-12-05,Almacén Centro,Cliente N,Bebidas,217,172,0
2025-12-05,Almacén Centro,Cliente U,Higiene,313,222,140
2025-12-06,Almacén Norte,Cliente I,Botanas,255,236,0
2025-12-06,Almacén Pacífico,Cliente U,Bebidas,149,127,0
2025-12-06,Almacén Pacífico,Cliente B,Lácteos,117,89,0
2025-12-06,Almacén Norte,Cliente D,Limpieza,33,31,0
2025-12-07,Almacén Centro,Cliente A,Botanas,270,263,0
2025-12-07,Almacén Norte,Cliente F,Botanas,364,265,0
2025-12-07,Almacén Sur,Cliente J,Limpieza,50,36,0
2025-12-07,Almacén Norte,Cliente G,Lácteos,271,216,0
2025-12-07,Almacén Norte,Cliente K,Higiene,337,331,0
2025-12-07,Almacén Pacífico,Cliente K,Bebidas,51,37,0
2025-12-07,Almacén Sur,Cliente B,Abarrotes,202,163,70
2025-12-07,Almacén Centro,Cliente K,Higiene,68,58,31
2025-12-07,Almacén Norte,Cliente B,Botanas,232,186,0
2025-12-07,Almacén Sur,Cliente U,Abarrotes,340,276,0
2025-12-08,Almacén Pacífico,Cliente A,Limpieza,185,182,0
2025-12-08,Almacén Norte,Cliente X,Botanas,42,32,0
2025-12-08,Almacén Norte,Cliente X,Botanas,76,72,0
2025-12-08,Almacén Norte,Cliente A,Botanas,100,85,0
2025-12-08,Almacén Sur,Cliente U,Botanas,227,218,0
2025-12-08,Almacén Pacífico,Cliente L,Abarrotes,131,115,0
2025-12-09,Almacén Norte,Cliente A,Lácteos,60,50,0
2025-12-09,Almacén Sur,Cliente K,Higiene,379,369,0
2025-12-09,Almacén Norte,Cliente K,Limpieza,384,339,0
2025-12-10,Almacén Centro,Cliente K,Bebidas,100,85,0
2025-12-10,Almacén Sur,Cliente K,Lácteos,213,208,0
2025-12-11,Almacén Pacífico,Cliente N,Bebidas,393,277,0
2025-12-11,Almacén Centro,Cliente D,Lácteos,161,160,70
2025-12-11,Almacén Centro,Cliente K,Limpieza,98,70,41
2025-12-11,Almacén Centro,Cliente U,Bebidas,370,307,0
2025-12-12,Almacén Centro,Cliente L,Lácteos,155,129,0
2025-12-12,Almacén Centro,Cliente U,Bebidas,146,113,0
2025-12-12,Almacén Norte,Cliente H,Abarrotes,195,177,0
2025-12-12,Almacén Pacífico,Cliente X,Botanas,65,53,0
2025-12-12,Almacén Centro,Cliente L,Lácteos,395,300,45
2025-12-12,Almacén Sur,Cliente K,Limpieza,374,349,0
2025-12-13,Almacén Pacífico,Cliente B,Bebidas,178,174,0
2025-12-13,Almacén Pacífico,Cliente K,Abarrotes,54,47,0
2025-12-13,Almacén Norte,Cliente Y,Bebidas,237,228,0
2025-12-13,Almacén Norte,Cliente X,Higiene,172,129,0
2025-12-13,Almacén Norte,Cliente N,Lácteos,245,242,0
2025-12-13,Almacén Norte,Cliente B,Abarrotes,167,121,0
2025-12-13,Almacén Centro,Cliente K,Lácteos,79,75,0
2025-12-13,Almacén Sur,Cliente N,Botanas,382,302,0
2025-12-14,Almacén Pacífico,Cliente V,Botanas,316,244,0
2025-12-14,Almacén Norte,Cliente U,Higiene,119,104,0
2025-12-14,Almacén Centro,Cliente U,Botanas,94,81,0
2025-12-14,Almacén Pacífico,Cliente B,Higiene,238,226,0
2025-12-14,Almacén Sur,Cliente K,Botanas,74,62,0
2025-12-14,Almacén Centro,Cliente X,Lácteos,334,313,141
2025-12-14,Almacén Centro,Cliente F,Botanas,224,212,0
2025-12-15,Almacén Sur,Cliente U,Higiene,47,33,0
2025-12-15,Almacén Pacífico,Cliente I,Abarrotes,330,288,51
2025-12-15,Almacén Centro,Cliente X,Higiene,66,55,0
2025-12-15,Almacén Pacífico,Cliente L,Abarrotes,375,269,0
2025-12-15,Almacén Centro,Cliente J,Lácteos,126,100,68
2025-12-15,Almacén Centro,Cliente K,Abarrotes,32,24,0
2025-12-15,Almacén Pacífico,Cliente A,Limpieza,33,31,0
2025-12-15,Almacén Centro,Cliente Y,Abarrotes,325,254,0
2025-12-15,Almacén Sur,Cliente J,Higiene,190,160,0
2025-12-16,Almacén Norte,Cliente X,Higiene,90,76,0
2025-12-16,Almacén Sur,Cliente I,Lácteos,36,25,0
2025-12-16,Almacén Norte,Cliente U,Higiene,158,136,0
2025-12-16,Almacén Sur,Cliente N,Bebidas,232,166,0
2025-12-16,Almacén Sur,Cliente T,Limpieza,338,333,0
2025-12-16,Almacén Sur,Cliente J,Limpieza,138,137,0
2025-12-16,Almacén Norte,Cliente B,Limpieza,102,73,0
2025-12-17,Almacén Sur,Cliente I,Limpieza,182,139,0
2025-12-17,Almacén Sur,Cliente L,Lácteos,184,144,0
2025-12-17,Almacén Pacífico,Cliente X,Limpieza,183,130,0
2025-12-17,Almacén Pacífico,Cliente S,Abarrotes,143,121,0
2025-12-17,Almacén Sur,Cliente K,Abarrotes,394,317,0
2025-12-17,Almacén Norte,Cliente K,Higiene,352,320,48
2025-12-17,Almacén Norte,Cliente P,Bebidas,140,119,0
2025-12-19,Almacén Norte,Cliente G,Limpieza,218,198,0
2025-12-19,Almacén Pacífico,Cliente G,Bebidas,69,62,0
2025-12-19,Almacén Centro,Cliente D,Abarrotes,237,186,63
2025-12-20,Almacén Centro,Cliente H,Botanas,111,108,36
2025-12-20,Almacén Norte,Cliente J,Limpieza,176,173,0
2025-12-20,Almacén Pacífico,Cliente A,Lácteos,39,38,0
2025-12-20,Almacén Sur,Cliente K,Abarrotes,113,80,0
2025-12-20,Almacén Norte,Cliente U,Bebidas,391,343,0
2025-12-21,Almacén Sur,Cliente L,Higiene,108,88,0
2025-12-21,Almacén Norte,Cliente L,Abarrotes,177,155,0
2025-12-22,Almacén Centro,Cliente U,Abarrotes,360,267,0
2025-12-22,Almacén Sur,Cliente A,Abarrotes,169,143,0
2025-12-22,Almacén Centro,Cliente T,Higiene,257,244,55
2025-12-22,Almacén Norte,Cliente I,Limpieza,257,253,0
2025-12-22,Almacén Pacífico,Cliente P,Higiene,214,181,0
2025-12-22,Almacén Pacífico,Cliente K,Abarrotes,235,213,0
2025-12-22,Almacén Sur,Cliente O,Lácteos,278,260,43
2025-12-23,Almacén Pacífico,Cliente L,Abarrotes,328,281,0
2025-12-23,Almacén Norte,Cliente K,Bebidas,185,135,64
2025-12-23,Almacén Norte,Cliente K,Botanas,249,220,0
2025-12-23,Almacén Centro,Cliente H,Lácteos,346,286,0
2025-12-23,Almacén Centro,Cliente B,Bebidas,380,337,0
2025-12-23,Almacén Norte,Cliente S,Botanas,338,279,0
2025-12-23,Almacén Centro,Cliente K,Lácteos,181,165,0
2025-12-24,Almacén Pacífico,Cliente K,Limpieza,318,239,0
2025-12-24,Almacén Pacífico,Cliente K,Botanas,131,94,27
2025-12-24,Almacén Centro,Cliente D,Lácteos,387,375,178
2025-12-24,Almacén Centro,Cliente D,Lácteos,284,216,0
2025-12-24,Almacén Centro,Cliente B,Bebidas,224,157,0
2025-12-24,Almacén Sur,Cliente B,Botanas,228,222,0
2025-12-24,Almacén Centro,Cliente D,Bebidas,264,217,0
2025-12-24,Almacén Pacífico,Cliente J,Botanas,302,243,0
2025-12-24,Almacén Centro,Cliente L,Bebidas,156,140,0
2025-12-25,Almacén Norte,Cliente G,Higiene,98,91,50
2025-12-25,Almacén Pacífico,Cliente A,Limpieza,237,231,135
2025-12-25,Almacén Pacífico,Cliente K,Lácteos,70,67,0
2025-12-25,Almacén Norte,Cliente I,Limpieza,167,153,0
2025-12-25,Almacén Centro,Cliente K,Abarrotes,161,145,0
2025-12-25,Almacén Centro,Cliente J,Higiene,68,66,0
2025-12-25,Almacén Pacífico,Cliente B,Botanas,103,93,0
2025-12-26,Almacén Pacífico,Cliente K,Limpieza,160,123,0
2025-12-26,Almacén Centro,Cliente K,Abarrotes,342,275,0
2025-12-26,Almacén Sur,Cliente U,Bebidas,71,65,0
2025-12-26,Almacén Norte,Cliente G,Limpieza,367,260,48
2025-12-26,Almacén Sur,Cliente U,Lácteos,384,282,0
2025-12-27,Almacén Sur,Cliente U,Bebidas,152,138,0
2025-12-27,Almacén Sur,Cliente W,Bebidas,238,198,0
2025-12-27,Almacén Norte,Cliente Y,Higiene,203,194,0
2025-12-28,Almacén Norte,Cliente K,Lácteos,139,99,0
2025-12-28,Almacén Sur,Cliente X,Limpieza,172,127,0
2025-12-28,Almacén Sur,Cliente B,Abarrotes,214,163,0
2025-12-28,Almacén Norte,Cliente X,Lácteos,395,389,0
2025-12-28,Almacén Sur,Cliente L,Abarrotes,64,59,0
2025-12-28,Almacén Sur,Cliente J,Abarrotes,295,238,164
2025-12-28,Almacén Norte,Cliente D,Botanas,234,197,0
2025-12-29,Almacén Sur,Cliente H,Abarrotes,27,25,0
2025-12-29,Almacén Pacífico,Cliente N,Abarrotes,16,12,9
2025-12-29,Almacén Sur,Cliente B,Limpieza,252,204,0
2025-12-29,Almacén Sur,Cliente Y,Botanas,258,193,48
2025-12-29,Almacén Centro,Cliente K,Limpieza,310,250,0
2025-12-29,Almacén Pacífico,Cliente T,Higiene,376,285,0
2025-12-29,Almacén Norte,Cliente K,Limpieza,338,275,0
2025-12-29,Almacén Sur,Cliente L,Botanas,102,75,0
2025-12-29,Almacén Sur,Cliente B,Bebidas,380,316,0
2025-12-29,Almacén Norte,Cliente K,Higiene,291,287,0
2025-12-30,Almacén Norte,Cliente K,Lácteos,399,367,0
2025-12-30,Almacén Sur,Cliente W,Limpieza,175,154,66
2025-12-30,Almacén Norte,Cliente K,Higiene,133,127,0
2025-12-30,Almacén Sur,Cliente X,Limpieza,361,305,0
2025-12-30,Almacén Norte,Cliente K,Lácteos,154,129,0
2025-12-30,Almacén Norte,Cliente Y,Higiene,115,104,0
2025-12-30,Almacén Centro,Cliente T,Lácteos,135,98,0
